Date,glp_aum_arbi,glp_aum_m_arbi,glp_eth_apr,glp_eth_aprp,glp_aum_avax,glp_aum_m_avax,glp_avax_apr,glp_avax_aprp,glp_aum,glp_aum_m
9/1/2021,664758.2182,0.664758218,0.792091195,79.20911954,,,,,664758.2182,0.664758218
9/2/2021,1.73E+06,1.732366622,0.320848797,32.08487973,,,,,1.73E+06,1.732366622
9/3/2021,2.12E+06,2.124569836,0.269537974,26.95379742,,,,,2.12E+06,2.124569836
9/4/2021,2.14E+06,2.144259757,0.268572565,26.85725649,,,,,2.14E+06,2.144259757
9/5/2021,2.21E+06,2.212302317,0.260371267,26.03712669,,,,,2.21E+06,2.212302317
9/6/2021,2.39E+06,2.394462704,0.241932869,24.19328687,,,,,2.39E+06,2.394462704
9/7/2021,2.47E+06,2.474340056,0.219833415,21.98334152,,,,,2.47E+06,2.474340056
9/8/2021,2.46E+06,2.461390242,0.525055857,52.50558569,,,,,2.46E+06,2.461390242
9/9/2021,3.05E+06,3.04744639,0.430691048,43.06910482,,,,,3.05E+06,3.04744639
9/10/2021,3.88E+06,3.877202923,0.326252909,32.62529089,,,,,3.88E+06,3.877202923
9/11/2021,6.89E+06,6.894049903,0.17907666,17.90766604,,,,,6.89E+06,6.894049903
9/12/2021,1.07E+07,10.71812986,0.118230067,11.82300673,,,,,1.07E+07,10.71812986
9/13/2021,1.20E+07,12.03769158,0.101782619,10.17826191,,,,,1.20E+07,12.03769158
9/14/2021,1.45E+07,14.51400922,0.086422653,8.64226532,,,,,1.45E+07,14.51400922
9/15/2021,1.67E+07,16.7054058,0.19442494,19.44249396,,,,,1.67E+07,16.7054058
9/16/2021,1.74E+07,17.3774601,0.194360227,19.4360227,,,,,1.74E+07,17.3774601
9/17/2021,1.87E+07,18.67562409,0.175148616,17.5148616,,,,,1.87E+07,18.67562409
9/18/2021,1.94E+07,19.40627753,0.167538254,16.75382537,,,,,1.94E+07,19.40627753
9/19/2021,1.94E+07,19.4438541,0.163451793,16.34517934,,,,,1.94E+07,19.4438541
9/20/2021,1.88E+07,18.78041286,0.156105933,15.61059329,,,,,1.88E+07,18.78041286
9/21/2021,1.81E+07,18.13843034,0.153603367,15.36033665,,,,,1.81E+07,18.13843034
9/22/2021,1.91E+07,19.11532351,0.538600776,53.86007758,,,,,1.91E+07,19.11532351
9/23/2021,2.24E+07,22.44966337,0.484637024,48.46370237,,,,,2.24E+07,22.44966337
9/24/2021,2.49E+07,24.88889084,0.417592852,41.75928523,,,,,2.49E+07,24.88889084
9/25/2021,2.49E+07,24.9381968,0.408878695,40.88786949,,,,,2.49E+07,24.9381968
9/26/2021,2.75E+07,27.5204969,0.37563627,37.56362702,,,,,2.75E+07,27.5204969
9/27/2021,2.89E+07,28.88117663,0.371477008,37.1477008,,,,,2.89E+07,28.88117663
9/28/2021,2.99E+07,29.86806354,0.339286554,33.92865544,,,,,2.99E+07,29.86806354
9/29/2021,3.01E+07,30.11832305,0.28924952,28.92495201,,,,,3.01E+07,30.11832305
9/30/2021,3.02E+07,30.20319321,0.299520433,29.95204329,,,,,3.02E+07,30.20319321
10/1/2021,3.07E+07,30.70730364,0.311931349,31.19313487,,,,,3.07E+07,30.70730364
10/2/2021,3.19E+07,31.92903743,0.31679007,31.67900703,,,,,3.19E+07,31.92903743
10/3/2021,3.28E+07,32.77676022,0.315251465,31.52514654,,,,,3.28E+07,32.77676022
10/4/2021,3.74E+07,37.36739684,0.272737316,27.27373158,,,,,3.74E+07,37.36739684
10/5/2021,4.22E+07,42.17468995,0.246654207,24.66542066,,,,,4.22E+07,42.17468995
10/6/2021,4.34E+07,43.35806361,0.186129005,18.61290054,,,,,4.34E+07,43.35806361
10/7/2021,4.20E+07,41.95839396,0.195640641,19.56406407,,,,,4.20E+07,41.95839396
10/8/2021,4.20E+07,41.95988793,0.197192627,19.71926265,,,,,4.20E+07,41.95988793
10/9/2021,4.14E+07,41.41466577,0.199176794,19.91767942,,,,,4.14E+07,41.41466577
10/10/2021,4.10E+07,41.04394564,0.198238349,19.82383488,,,,,4.10E+07,41.04394564
10/11/2021,4.02E+07,40.22738259,0.202009768,20.20097682,,,,,4.02E+07,40.22738259
10/12/2021,4.03E+07,40.34747793,0.198406897,19.84068968,,,,,4.03E+07,40.34747793
10/13/2021,4.04E+07,40.43510949,0.203117942,20.31179419,,,,,4.04E+07,40.43510949
10/14/2021,4.16E+07,41.63670125,0.208977097,20.89770967,,,,,4.16E+07,41.63670125
10/15/2021,4.22E+07,42.18535443,0.212484508,21.2484508,,,,,4.22E+07,42.18535443
10/16/2021,4.18E+07,41.84773274,0.217217272,21.72172722,,,,,4.18E+07,41.84773274
10/17/2021,4.14E+07,41.36715836,0.217888738,21.78887376,,,,,4.14E+07,41.36715836
10/18/2021,4.14E+07,41.38254005,0.215422607,21.5422607,,,,,4.14E+07,41.38254005
10/19/2021,4.15E+07,41.5069376,0.215179046,21.51790458,,,,,4.15E+07,41.5069376
10/20/2021,4.21E+07,42.11575113,0.318596379,31.85963794,,,,,4.21E+07,42.11575113
10/21/2021,5.03E+07,50.30237983,0.280424286,28.04242863,,,,,5.03E+07,50.30237983
10/22/2021,5.52E+07,55.16313924,0.25040942,25.04094196,,,,,5.52E+07,55.16313924
10/23/2021,5.66E+07,56.64361228,0.242205232,24.2205232,,,,,5.66E+07,56.64361228
10/24/2021,6.04E+07,60.40060102,0.22946932,22.94693203,,,,,6.04E+07,60.40060102
10/25/2021,6.19E+07,61.8554705,0.227457877,22.74578771,,,,,6.19E+07,61.8554705
10/26/2021,6.24E+07,62.40431042,0.231614891,23.16148912,,,,,6.24E+07,62.40431042
10/27/2021,6.08E+07,60.75956286,0.288732453,28.87324533,,,,,6.08E+07,60.75956286
10/28/2021,6.31E+07,63.14877102,0.27959071,27.95907102,,,,,6.31E+07,63.14877102
10/29/2021,6.50E+07,65.00158674,0.28751313,28.75131304,,,,,6.50E+07,65.00158674
10/30/2021,6.61E+07,66.08594945,0.280457566,28.04575659,,,,,6.61E+07,66.08594945
10/31/2021,6.71E+07,67.06396109,0.273702432,27.37024324,,,,,6.71E+07,67.06396109
11/1/2021,6.82E+07,68.16063254,0.270331464,27.03314638,,,,,6.82E+07,68.16063254
11/2/2021,7.00E+07,69.95620544,0.270883519,27.08835187,,,,,7.00E+07,69.95620544
11/3/2021,7.10E+07,71.04192763,0.409548361,40.95483615,,,,,7.10E+07,71.04192763
11/4/2021,7.16E+07,71.64292043,0.402349773,40.23497733,,,,,7.16E+07,71.64292043
11/5/2021,7.32E+07,73.19216137,0.392001718,39.20017176,,,,,7.32E+07,73.19216137
11/6/2021,7.72E+07,77.2112225,0.36764842,36.76484198,,,,,7.72E+07,77.2112225
11/7/2021,8.16E+07,81.61410369,0.35730997,35.73099701,,,,,8.16E+07,81.61410369
11/8/2021,8.93E+07,89.25227123,0.338124212,33.81242117,,,,,8.93E+07,89.25227123
11/9/2021,9.10E+07,91.01350298,0.335144978,33.5144978,,,,,9.10E+07,91.01350298
11/10/2021,9.13E+07,91.254009,0.400722429,40.07224291,,,,,9.13E+07,91.254009
11/11/2021,9.04E+07,90.42542716,0.401061274,40.1061274,,,,,9.04E+07,90.42542716
11/12/2021,9.18E+07,91.78323493,0.393283399,39.32833994,,,,,9.18E+07,91.78323493
11/13/2021,9.21E+07,92.05087857,0.389975602,38.99756024,,,,,9.21E+07,92.05087857
11/14/2021,9.17E+07,91.709417,0.388137826,38.81378265,,,,,9.17E+07,91.709417
11/15/2021,9.22E+07,92.24909077,0.390698069,39.0698069,,,,,9.22E+07,92.24909077
11/16/2021,8.90E+07,88.97578066,0.373880769,37.38807687,,,,,8.90E+07,88.97578066
11/17/2021,9.04E+07,90.38697374,0.473244972,47.32449715,,,,,9.04E+07,90.38697374
11/18/2021,9.12E+07,91.15325686,0.466013257,46.60132566,,,,,9.12E+07,91.15325686
11/19/2021,9.42E+07,94.22703954,0.449115168,44.91151676,,,,,9.42E+07,94.22703954
11/20/2021,9.90E+07,99.02463339,0.44353885,44.353885,,,,,9.90E+07,99.02463339
11/21/2021,1.03E+08,103.4716442,0.42859306,42.85930599,,,,,1.03E+08,103.4716442
11/22/2021,1.04E+08,103.5106591,0.411035271,41.10352713,,,,,1.04E+08,103.5106591
11/23/2021,1.04E+08,104.4386635,0.410727646,41.07276463,,,,,1.04E+08,104.4386635
11/24/2021,1.05E+08,105.2831839,0.211462297,21.14622973,,,,,1.05E+08,105.2831839
11/25/2021,1.10E+08,109.5775841,0.209421475,20.94214745,,,,,1.10E+08,109.5775841
11/26/2021,1.08E+08,108.1000495,0.203059011,20.30590115,,,,,1.08E+08,108.1000495
11/27/2021,1.05E+08,105.4757987,0.203926458,20.39264583,,,,,1.05E+08,105.4757987
11/28/2021,1.07E+08,107.0462048,0.199398727,19.93987274,,,,,1.07E+08,107.0462048
11/29/2021,1.11E+08,110.6888833,0.205455717,20.54557174,,,,,1.11E+08,110.6888833
11/30/2021,1.12E+08,112.3796539,0.210612144,21.06121442,,,,,1.12E+08,112.3796539
12/1/2021,1.14E+08,114.0510188,0.304601833,30.4601833,,,,,1.14E+08,114.0510188
12/2/2021,1.12E+08,112.3752809,0.299099,29.90989999,,,,,1.12E+08,112.3752809
12/3/2021,1.11E+08,111.1648818,0.297445682,29.74456822,,,,,1.11E+08,111.1648818
12/4/2021,1.04E+08,104.3927516,0.285586079,28.55860786,,,,,1.04E+08,104.3927516
12/5/2021,1.04E+08,103.9047135,0.296918116,29.69181158,,,,,1.04E+08,103.9047135
12/6/2021,1.04E+08,104.0822916,0.294347824,29.43478236,,,,,1.04E+08,104.0822916
12/7/2021,1.08E+08,108.4440496,0.297409031,29.7409031,,,,,1.08E+08,108.4440496
12/8/2021,1.10E+08,110.3374271,0.38908882,38.90888201,,,,,1.10E+08,110.3374271
12/9/2021,1.08E+08,108.0421583,0.391265207,39.12652074,,,,,1.08E+08,108.0421583
12/10/2021,1.05E+08,105.4485375,0.381912611,38.19126109,,,,,1.05E+08,105.4485375
12/11/2021,1.05E+08,105.1746844,0.37678429,37.67842896,,,,,1.05E+08,105.1746844
12/12/2021,1.07E+08,106.9421348,0.37514722,37.51472201,,,,,1.07E+08,106.9421348
12/13/2021,1.03E+08,103.4970636,0.374684621,37.46846212,,,,,1.03E+08,103.4970636
12/14/2021,1.02E+08,101.9755754,0.367370176,36.73701755,,,,,1.02E+08,101.9755754
12/15/2021,1.03E+08,103.3346565,0.224472311,22.4472311,,,,,1.03E+08,103.3346565
12/16/2021,1.06E+08,106.0213939,0.228225367,22.82253667,,,,,1.06E+08,106.0213939
12/17/2021,1.04E+08,103.9763016,0.224408139,22.44081392,,,,,1.04E+08,103.9763016
12/18/2021,1.06E+08,105.5510045,0.222763136,22.27631362,,,,,1.06E+08,105.5510045
12/19/2021,1.06E+08,106.2320979,0.222906789,22.2906789,,,,,1.06E+08,106.2320979
12/20/2021,1.04E+08,104.4819474,0.221699969,22.16999692,,,,,1.04E+08,104.4819474
12/21/2021,1.07E+08,106.5085483,0.225461484,22.54614844,,,,,1.07E+08,106.5085483
12/22/2021,1.07E+08,106.5916947,0.236131573,23.61315732,229.0371565,0.000229037,,,1.07E+08,106.5919238
12/23/2021,1.07E+08,107.23366,0.233192261,23.3192261,,,,,1.07E+08,107.23366
12/24/2021,1.09E+08,108.5811418,0.236140241,23.61402414,,,,,1.09E+08,108.5811418
12/25/2021,1.08E+08,108.3023371,0.235359216,23.53592161,,,,,1.08E+08,108.3023371
12/26/2021,1.08E+08,108.0793638,0.235175757,23.51757572,,,,,1.08E+08,108.0793638
12/27/2021,1.08E+08,108.2993781,0.235748541,23.57485412,,,,,1.08E+08,108.2993781
12/28/2021,1.06E+08,105.6416171,0.231101634,23.11016338,,,,,1.06E+08,105.6416171
12/29/2021,1.04E+08,104.0095865,0.221786488,22.17864878,,,,,1.04E+08,104.0095865
12/30/2021,1.03E+08,103.3063475,0.219046809,21.90468089,1366.325857,0.001366326,,,1.03E+08,103.3077138
12/31/2021,1.04E+08,103.5537961,0.220436788,22.04367876,,,,,1.04E+08,103.5537961
1/1/2022,1.03E+08,103.2585628,0.220468947,22.04689469,,,,,1.03E+08,103.2585628
1/2/2022,1.04E+08,103.5772188,0.222204276,22.22042763,2085.916307,0.002085916,,,1.04E+08,103.5793047
1/3/2022,1.04E+08,103.7969542,0.222845442,22.28454421,2195.788332,0.002195788,,,1.04E+08,103.79915
1/4/2022,1.04E+08,103.5908753,0.22361015,22.36101495,7563.945426,0.007563945,,,1.04E+08,103.5984392
1/5/2022,1.02E+08,102.2445168,0.32265849,32.26584903,7717.38235,0.007717382,,,1.02E+08,102.2522342
1/6/2022,9.92E+07,99.15957289,0.303242832,30.32428319,4.13E+06,4.125010383,7.24E-13,7.24E-11,1.03E+08,103.2845833
1/7/2022,9.55E+07,95.46678539,0.297018868,29.70188681,1.47E+07,14.66074394,1.92E-13,1.92E-11,1.10E+08,110.1275293
1/8/2022,9.57E+07,95.65756643,0.29056143,29.05614301,1.90E+07,18.95092308,1.43E-13,1.43E-11,1.15E+08,114.6084895
1/9/2022,9.57E+07,95.65409803,0.28759436,28.75943605,2.05E+07,20.53174427,1.33E-13,1.33E-11,1.16E+08,116.1858423
1/10/2022,9.57E+07,95.72644451,0.284097602,28.40976016,2.20E+07,22.03454456,1.24E-13,1.24E-11,1.18E+08,117.7609891
1/11/2022,9.84E+07,98.41266179,0.280730556,28.07305564,2.65E+07,26.51821492,1.03E-13,1.03E-11,1.25E+08,124.9308767
1/12/2022,1.03E+08,102.5738209,0.721906939,72.19069395,3.35E+07,33.48859267,0.556688698,55.66886984,1.36E+08,136.0624135
1/13/2022,1.05E+08,105.031598,0.710539796,71.05397961,3.94E+07,39.42441993,0.476331175,47.63311752,1.44E+08,144.4560179
1/14/2022,1.06E+08,106.0980171,0.69227161,69.227161,4.26E+07,42.58592661,0.423493234,42.34932339,1.49E+08,148.6839437
1/15/2022,1.12E+08,111.9275689,0.66686473,66.686473,4.39E+07,43.88917744,0.418347863,41.83478626,1.56E+08,155.8167463
1/16/2022,1.14E+08,114.222127,0.654629827,65.46298269,4.38E+07,43.82113029,0.426081668,42.60816681,1.58E+08,158.0432573
1/17/2022,1.15E+08,114.8407625,0.636575512,63.65755116,4.49E+07,44.89858641,0.39669923,39.66992296,1.60E+08,159.739349
1/18/2022,1.14E+08,114.4084942,0.620532135,62.0532135,4.44E+07,44.41764829,0.386942998,38.69429979,1.59E+08,158.8261425
1/19/2022,1.15E+08,115.3007741,0.437721945,43.77219453,4.74E+07,47.44620278,0.645930188,64.59301882,1.63E+08,162.7469769
1/20/2022,1.17E+08,117.0659979,0.435961238,43.59612376,5.33E+07,53.26171255,0.578623851,57.86238507,1.70E+08,170.3277105
1/21/2022,1.08E+08,107.9000272,0.423379953,42.33799528,4.90E+07,48.97813406,0.552564578,55.25645784,1.57E+08,156.8781613
1/22/2022,9.58E+07,95.78961919,0.417405342,41.74053421,4.80E+07,47.95606296,0.46457479,46.45747905,1.44E+08,143.7456821
1/23/2022,9.67E+07,96.73339806,0.411141006,41.11410057,4.77E+07,47.6715979,0.479495734,47.94957342,1.44E+08,144.404996
1/24/2022,9.54E+07,95.3715079,0.401609221,40.16092215,4.66E+07,46.57748029,0.471071275,47.10712754,1.42E+08,141.9489882
1/25/2022,9.96E+07,99.5909732,0.393705515,39.37055145,5.48E+07,54.78072439,0.431795225,43.1795225,1.54E+08,154.3716976
1/26/2022,1.09E+08,109.0702357,0.713155966,71.31559662,5.98E+07,59.77235045,0.851825318,85.1825318,1.69E+08,168.8425862
1/27/2022,1.10E+08,109.5420155,0.684242485,68.42424851,6.16E+07,61.62302998,0.77582709,77.58270902,1.71E+08,171.1650455
1/28/2022,1.11E+08,111.0559167,0.679506734,67.95067344,6.48E+07,64.82602242,0.74378217,74.37821697,1.76E+08,175.8819391
1/29/2022,1.19E+08,119.1310079,0.665316072,66.53160719,7.02E+07,70.24469506,0.738298915,73.82989148,1.89E+08,189.375703
1/30/2022,1.22E+08,121.8575129,0.658962775,65.89627755,7.15E+07,71.52992285,0.727911372,72.79113721,1.93E+08,193.3874358
1/31/2022,1.25E+08,124.7094926,0.640452676,64.0452676,7.25E+07,72.47338228,0.690017393,69.00173926,1.97E+08,197.1828748
2/1/2022,1.30E+08,130.2602577,0.65375214,65.375214,7.72E+07,77.23065954,0.68024412,68.02441199,2.07E+08,207.4909172
2/2/2022,1.30E+08,129.716705,0.321709637,32.17096366,7.79E+07,77.86878776,0.454603609,45.46036088,2.08E+08,207.5854928
2/3/2022,1.27E+08,127.0155244,0.317326547,31.73265466,6.62E+07,66.21409741,0.498823561,49.88235613,1.93E+08,193.2296218
2/4/2022,1.32E+08,131.6699578,0.327790955,32.77909553,7.06E+07,70.62291584,0.499830972,49.98309718,2.02E+08,202.2928737
2/5/2022,1.36E+08,136.0989156,0.337291041,33.7291041,8.15E+07,81.54148654,0.469556248,46.95562478,2.18E+08,217.6404021
2/6/2022,1.35E+08,135.2793004,0.338885878,33.88858784,8.25E+07,82.49439719,0.458521911,45.85219114,2.18E+08,217.7736976
2/7/2022,1.39E+08,139.2280386,0.339070747,33.90707468,8.56E+07,85.57683523,0.472035473,47.20354733,2.25E+08,224.8048739
2/8/2022,1.44E+08,143.8638608,0.329850358,32.98503579,8.77E+07,87.73965419,0.483047412,48.3047412,2.32E+08,231.603515
2/9/2022,1.48E+08,147.5068667,0.299436946,29.94369461,8.89E+07,88.87371346,0.367685923,36.76859234,2.36E+08,236.3805802
2/10/2022,1.55E+08,155.0600198,0.287582692,28.75826923,9.00E+07,89.99381858,0.368712931,36.87129313,2.45E+08,245.0538384
2/11/2022,1.54E+08,154.3582603,0.276855605,27.68556045,9.02E+07,90.17004755,0.359884024,35.98840237,2.45E+08,244.5283078
2/12/2022,1.52E+08,151.8332207,0.269841273,26.98412732,8.18E+07,81.83587499,0.367949168,36.79491675,2.34E+08,233.6690957
2/13/2022,1.52E+08,151.6341015,0.268805671,26.88056705,8.00E+07,80.04714073,0.372705529,37.27055293,2.32E+08,231.6812422
2/14/2022,1.55E+08,154.5975756,0.262491079,26.24910785,8.00E+07,79.98385377,0.365064744,36.50647435,2.35E+08,234.5814293
2/15/2022,1.62E+08,161.7427842,0.266144726,26.61447259,8.61E+07,86.07849014,0.3727255,37.27255005,2.48E+08,247.8212743
2/16/2022,1.60E+08,159.8138909,0.266746358,26.67463579,8.91E+07,89.06669019,0.258691182,25.86911824,2.49E+08,248.8805811
2/17/2022,1.60E+08,159.5606398,0.258249629,25.82496286,8.84E+07,88.36259358,0.255635852,25.56358522,2.48E+08,247.9232334
2/18/2022,1.57E+08,157.095853,0.248099089,24.8099089,8.28E+07,82.77220952,0.256224224,25.62242239,2.40E+08,239.8680626
2/19/2022,1.56E+08,156.3165507,0.241830353,24.18303534,8.08E+07,80.81016494,0.254501539,25.45015392,2.37E+08,237.1267156
2/20/2022,1.55E+08,155.3457487,0.233178344,23.31783444,7.88E+07,78.75072642,0.249246368,24.92463685,2.34E+08,234.0964751
2/21/2022,1.56E+08,155.9430429,0.234480016,23.44800156,7.82E+07,78.23042655,0.243683469,24.36834687,2.34E+08,234.1734695
2/22/2022,1.53E+08,152.8373905,0.230124751,23.01247512,7.55E+07,75.49821273,0.230563927,23.05639265,2.28E+08,228.3356032
2/23/2022,1.56E+08,155.5024846,0.124543684,12.45436843,7.61E+07,76.12626587,0.27624176,27.62417604,2.32E+08,231.6287505
2/24/2022,1.52E+08,151.5999563,0.117896374,11.78963737,7.14E+07,71.35380157,0.266456915,26.64569149,2.23E+08,222.9537579
2/25/2022,1.59E+08,159.3897618,0.121249036,12.12490356,7.22E+07,72.20890983,0.286958258,28.69582579,2.32E+08,231.5986716
2/26/2022,1.63E+08,162.7740714,0.124349504,12.43495036,7.51E+07,75.13960291,0.291068335,29.10683347,2.38E+08,237.9136743
2/27/2022,1.63E+08,162.7125202,0.121776525,12.17765252,7.41E+07,74.12623452,0.286678238,28.66782381,2.37E+08,236.8387548
2/28/2022,1.64E+08,163.5816433,0.1199274,11.99273998,7.38E+07,73.77768021,0.282118575,28.21185747,2.37E+08,237.3593235
3/1/2022,1.70E+08,169.7247733,0.125491713,12.5491713,7.74E+07,77.40500756,0.302857866,30.28578657,2.47E+08,247.1297809
3/2/2022,1.70E+08,170.1022707,0.433549168,43.35491677,7.85E+07,78.50682857,0.476801628,47.68016276,2.49E+08,248.6090993
3/3/2022,1.69E+08,169.3772899,0.423082808,42.30828079,7.92E+07,79.1955188,0.448985569,44.89855692,2.49E+08,248.5728088
3/4/2022,1.69E+08,169.0365748,0.397106873,39.71068734,8.03E+07,80.32121149,0.428594812,42.85948121,2.49E+08,249.3577863
3/5/2022,1.70E+08,170.2860438,0.385671562,38.56715615,8.07E+07,80.65584448,0.416183015,41.61830152,2.51E+08,250.9418883
3/6/2022,1.70E+08,170.361826,0.384322823,38.43228234,8.09E+07,80.87894184,0.408532698,40.8532698,2.51E+08,251.2407678
3/7/2022,1.69E+08,168.7492258,0.374677274,37.46772738,7.99E+07,79.93056401,0.401532757,40.1532757,2.49E+08,248.6797898
3/8/2022,1.70E+08,170.1003087,0.373486283,37.34862833,7.92E+07,79.20247891,0.403761618,40.37616177,2.49E+08,249.3027876
3/9/2022,1.77E+08,176.5673554,0.470190365,47.01903647,8.25E+07,82.49437471,0.244863979,24.48639787,2.59E+08,259.0617301
3/10/2022,1.77E+08,176.9470395,0.452679892,45.26798924,8.20E+07,81.96151656,0.234540024,23.45400242,2.59E+08,258.908556
3/11/2022,1.83E+08,183.0145568,0.432232375,43.22323745,8.09E+07,80.92386594,0.237853324,23.78533244,2.64E+08,263.9384228
3/12/2022,1.87E+08,187.2334,0.423201359,42.32013587,7.93E+07,79.2675885,0.237165867,23.71658669,2.67E+08,266.5009885
3/13/2022,1.89E+08,188.8561781,0.4175265,41.75264995,7.93E+07,79.30940444,0.232498603,23.24986027,2.68E+08,268.1655825
3/14/2022,1.91E+08,190.5843474,0.411359476,41.13594759,7.93E+07,79.32279729,0.223380659,22.33806591,2.70E+08,269.9071447
3/15/2022,1.96E+08,195.8147893,0.402487156,40.24871558,7.88E+07,78.81111154,0.226406852,22.64068519,2.75E+08,274.6259008
3/16/2022,2.03E+08,202.8865579,0.193820011,19.38200112,7.96E+07,79.57062984,0.228565452,22.85654516,2.82E+08,282.4571878
3/17/2022,2.05E+08,204.5528732,0.199829707,19.98297072,8.20E+07,82.04802959,0.244804362,24.48043618,2.87E+08,286.6009028
3/18/2022,2.03E+08,202.8116872,0.205714675,20.5714675,8.06E+07,80.62108895,0.258522662,25.85226624,2.83E+08,283.4327762
3/19/2022,2.04E+08,204.4994163,0.211118947,21.1118947,8.26E+07,82.59743468,0.275070513,27.50705126,2.87E+08,287.096851
3/20/2022,2.03E+08,203.0073325,0.209208239,20.92082393,8.25E+07,82.48697144,0.272441104,27.24411039,2.85E+08,285.494304
3/21/2022,2.03E+08,202.954692,0.208995085,20.89950851,8.34E+07,83.40785988,0.26884183,26.88418301,2.86E+08,286.3625519
3/22/2022,2.04E+08,204.2824654,0.214847496,21.48474959,8.53E+07,85.25227563,0.262565607,26.25656073,2.90E+08,289.534741
3/23/2022,2.06E+08,205.8412678,0.243942797,24.39427969,8.58E+07,85.78931631,0.218833654,21.8833654,2.92E+08,291.6305841
3/24/2022,2.11E+08,211.3785698,0.244584775,24.45847751,8.49E+07,84.86224112,0.224200478,22.42004785,2.96E+08,296.2408109
3/25/2022,2.13E+08,212.5078437,0.248789896,24.87898956,8.35E+07,83.54059749,0.226540389,22.65403892,2.96E+08,296.0484411
3/26/2022,2.12E+08,212.1976404,0.248530711,24.85307113,8.38E+07,83.81774634,0.224453035,22.4453035,2.96E+08,296.0153867
3/27/2022,2.14E+08,214.0522414,0.250087354,25.00873542,8.51E+07,85.08211547,0.224200656,22.42006563,2.99E+08,299.1343569
3/28/2022,2.21E+08,220.5183348,0.256204363,25.62043627,8.63E+07,86.33556371,0.235667055,23.56670555,3.07E+08,306.8538985
3/29/2022,2.23E+08,223.1124368,0.257924434,25.7924434,8.57E+07,85.6972564,0.240854679,24.08546793,3.09E+08,308.8096932
3/30/2022,2.23E+08,222.5373641,0.23506054,23.50605404,8.53E+07,85.30226625,0.196727661,19.67276606,3.08E+08,307.8396304
3/31/2022,2.22E+08,222.3224364,0.233594091,23.35940908,8.56E+07,85.63768092,0.204492491,20.44924906,3.08E+08,307.9601174
4/1/2022,2.22E+08,221.8300761,0.232605593,23.26055926,8.76E+07,87.5716522,0.19467777,19.46777699,3.09E+08,309.4017283
4/2/2022,2.26E+08,226.0302191,0.237549291,23.75492912,9.08E+07,90.84978764,0.195329368,19.53293684,3.17E+08,316.8800068
4/3/2022,2.27E+08,227.3131113,0.236887956,23.68879563,9.12E+07,91.2263202,0.191452146,19.14521456,3.19E+08,318.5394315
4/4/2022,2.27E+08,227.3861188,0.236585165,23.65851652,9.10E+07,91.04996646,0.187275792,18.72757924,3.18E+08,318.4360853
4/5/2022,2.28E+08,228.1804447,0.236291009,23.62910085,9.22E+07,92.22163092,0.184034607,18.40346068,3.20E+08,320.4020756
4/6/2022,2.27E+08,227.0624583,0.29225257,29.22525698,9.12E+07,91.24411993,0.30671819,30.67181902,3.18E+08,318.3065783
4/7/2022,2.27E+08,226.839859,0.28565514,28.56551395,9.26E+07,92.60828711,0.293440578,29.34405782,3.19E+08,319.4481461
4/8/2022,2.35E+08,234.5520565,0.279658403,27.96584033,9.57E+07,95.71758774,0.292630454,29.26304543,3.30E+08,330.2696443
4/9/2022,2.41E+08,241.4088303,0.268554087,26.85540874,9.58E+07,95.77003231,0.279421183,27.94211827,3.37E+08,337.1788626
4/10/2022,2.42E+08,242.4053221,0.270681317,27.06813174,9.73E+07,97.27217725,0.27598408,27.59840804,3.40E+08,339.6774994
4/11/2022,2.35E+08,234.9864529,0.264964725,26.49647245,9.62E+07,96.20335239,0.256345235,25.63452352,3.31E+08,331.1898052
4/12/2022,2.32E+08,232.1049819,0.261533809,26.15338091,9.64E+07,96.38399357,0.253283167,25.32831665,3.28E+08,328.4889755
4/13/2022,2.39E+08,238.805882,0.333647918,33.36479176,9.54E+07,95.38758947,0.200456758,20.04567585,3.34E+08,334.1934715
4/14/2022,2.42E+08,242.0139378,0.329919782,32.99197816,9.67E+07,96.69872838,0.20051139,20.05113896,3.39E+08,338.7126662
4/15/2022,2.43E+08,242.7151214,0.324430201,32.44302008,9.49E+07,94.87930586,0.199518373,19.95183726,3.38E+08,337.5944272
4/16/2022,2.40E+08,240.2597745,0.329121204,32.91212038,9.05E+07,90.45644211,0.209261523,20.92615226,3.31E+08,330.7162166
4/17/2022,2.43E+08,243.0941557,0.326239929,32.62399289,9.02E+07,90.20305299,0.210882621,21.08826209,3.33E+08,333.2972087
4/18/2022,2.43E+08,242.7174872,0.317171067,31.71710672,8.98E+07,89.82630062,0.20433329,20.43332899,3.33E+08,332.5437878
4/19/2022,2.49E+08,248.9249709,0.320551297,32.05512974,9.18E+07,91.80969138,0.20924156,20.92415599,3.41E+08,340.7346623
4/20/2022,2.50E+08,250.4406893,0.159138882,15.91388818,9.20E+07,92.00787823,0.1151048,11.51047998,3.42E+08,342.4485675
4/21/2022,2.49E+08,248.6035602,0.159871709,15.98717094,9.23E+07,92.34376655,0.113208951,11.32089514,3.41E+08,340.9473268
4/22/2022,2.45E+08,245.2512394,0.156980344,15.69803441,9.10E+07,90.95794022,0.11075356,11.07535598,3.36E+08,336.2091796
4/23/2022,2.46E+08,245.8131631,0.155148927,15.5148927,9.13E+07,91.27873908,0.108333568,10.8333568,3.37E+08,337.0919022
4/24/2022,2.48E+08,247.7164998,0.153378105,15.33781049,9.08E+07,90.77799999,0.107266532,10.7266532,3.38E+08,338.4944998
4/25/2022,2.46E+08,246.3870774,0.151374643,15.13746431,8.95E+07,89.46081521,0.104947076,10.49470762,3.36E+08,335.8478926
4/26/2022,2.48E+08,247.6833887,0.152906955,15.29069549,8.95E+07,89.53044247,0.105619447,10.56194465,3.37E+08,337.2138312
4/27/2022,2.46E+08,245.7187107,0.105176065,10.51760654,8.85E+07,88.48119079,0.129558577,12.95585766,3.34E+08,334.1999015
4/28/2022,2.47E+08,246.9477123,0.10651683,10.65168298,8.92E+07,89.16924654,0.12696098,12.69609798,3.36E+08,336.1169589
4/29/2022,2.43E+08,243.117579,0.106718579,10.67185792,8.88E+07,88.76995597,0.121706823,12.17068233,3.32E+08,331.887535
4/30/2022,2.40E+08,239.9953847,0.105912363,10.59123625,8.82E+07,88.18524449,0.115130369,11.51303689,3.28E+08,328.1806292
5/1/2022,2.37E+08,237.0178436,0.105841363,10.58413631,8.75E+07,87.46129079,0.110436099,11.04360991,3.24E+08,324.4791344
5/2/2022,2.41E+08,240.8951915,0.106235103,10.62351034,8.91E+07,89.0653549,0.109740663,10.97406635,3.30E+08,329.9605464
5/3/2022,2.41E+08,240.5346965,0.105981899,10.59818994,8.88E+07,88.81181293,0.111928874,11.19288741,3.29E+08,329.3465095
5/4/2022,2.43E+08,243.4359426,0.121041298,12.10412982,8.91E+07,89.14940892,0.138019596,13.80195958,3.33E+08,332.5853516
5/5/2022,2.41E+08,240.5564974,0.122889817,12.28898166,8.89E+07,88.92127417,0.142212171,14.22121711,3.29E+08,329.4777715
5/6/2022,2.34E+08,234.0567272,0.119673317,11.96733172,8.71E+07,87.09685949,0.130981651,13.09816508,3.21E+08,321.1535866
5/7/2022,2.33E+08,233.2081388,0.118593152,11.85931525,8.69E+07,86.91696188,0.128892346,12.88923455,3.20E+08,320.1251007
5/8/2022,2.29E+08,228.7450567,0.115451682,11.54516824,8.45E+07,84.54528236,0.124829265,12.48292652,3.13E+08,313.290339
5/9/2022,2.19E+08,219.1519485,0.113094654,11.30946536,8.04E+07,80.35133677,0.119648837,11.96488366,3.00E+08,299.5032853
5/10/2022,2.10E+08,209.5234117,0.11628834,11.62883396,7.88E+07,78.84764718,0.115375262,11.53752616,2.88E+08,288.3710589
5/11/2022,2.06E+08,206.2662278,0.298497858,29.84978578,7.58E+07,75.76511171,0.296144889,29.61448892,2.82E+08,282.0313396
5/12/2022,1.91E+08,191.1446904,0.275554575,27.55545749,6.93E+07,69.25783181,0.259159204,25.91592044,2.60E+08,260.4025222
5/13/2022,1.93E+08,192.7579339,0.290253322,29.02533218,7.06E+07,70.60532309,0.293761905,29.37619045,2.63E+08,263.363257
5/14/2022,1.92E+08,192.2695939,0.28338568,28.33856798,6.77E+07,67.6976676,0.286320093,28.63200929,2.60E+08,259.9672615
5/15/2022,1.97E+08,196.5192715,0.283413346,28.34133462,7.12E+07,71.20177313,0.292906966,29.29069655,2.68E+08,267.7210446
5/16/2022,1.99E+08,198.7560509,0.276947974,27.69479741,7.49E+07,74.92208052,0.272225156,27.22251558,2.74E+08,273.6781314
5/17/2022,2.01E+08,200.6889665,0.278015476,27.8015476,7.67E+07,76.66214096,0.270396187,27.03961868,2.77E+08,277.3511075
5/18/2022,2.01E+08,200.9893434,0.320497815,32.04978151,7.50E+07,74.96618744,0.377839226,37.78392262,2.76E+08,275.9555308
5/19/2022,2.01E+08,201.1361987,0.31375357,31.37535705,7.44E+07,74.35007585,0.347906232,34.79062321,2.75E+08,275.4862745
5/20/2022,2.06E+08,206.3932709,0.310528562,31.05285619,7.68E+07,76.83196977,0.340136603,34.01366032,2.83E+08,283.2252407
5/21/2022,2.10E+08,210.3174461,0.300093934,30.00939343,7.75E+07,77.4587635,0.33219106,33.21910601,2.88E+08,287.7762096
5/22/2022,2.12E+08,211.5426735,0.30301424,30.301424,7.92E+07,79.1742834,0.338338446,33.83384458,2.91E+08,290.7169569
5/23/2022,2.13E+08,213.4385951,0.305986601,30.5986601,8.13E+07,81.31695468,0.337373751,33.73737511,2.95E+08,294.7555498
5/24/2022,2.13E+08,213.2411468,0.145023653,14.50236527,8.15E+07,81.48863877,0.133075667,13.30756666,2.95E+08,294.7297855
5/25/2022,2.17E+08,217.3687831,0.142505199,14.2505199,8.17E+07,81.71385831,0.130142934,13.01429338,2.99E+08,299.0826414
5/26/2022,2.16E+08,215.6027817,0.136555703,13.65557032,7.72E+07,77.21435904,0.123645537,12.36455366,2.93E+08,292.8171407
5/27/2022,2.14E+08,213.8615431,0.129626846,12.9626846,7.52E+07,75.21818497,0.113090343,11.30903433,2.89E+08,289.0797281
5/28/2022,2.17E+08,217.3905549,0.127948671,12.79486715,7.66E+07,76.63802618,0.116040539,11.60405393,2.94E+08,294.028581
5/29/2022,2.18E+08,218.2238961,0.129106642,12.91066421,7.78E+07,77.82315204,0.122802415,12.28024149,2.96E+08,296.0470481
5/30/2022,2.23E+08,222.8182332,0.134217865,13.42178653,8.16E+07,81.55664775,0.125107916,12.51079162,3.04E+08,304.3748809
5/31/2022,2.26E+08,226.1259007,0.136736667,13.67366673,8.20E+07,82.0271557,0.12397054,12.39705402,3.08E+08,308.1530564
6/1/2022,2.24E+08,223.7041847,0.22263631,22.26363102,8.06E+07,80.60952291,0.231855649,23.18556486,3.04E+08,304.3137076
6/2/2022,2.18E+08,218.2485518,0.218761673,21.8761673,7.91E+07,79.13381005,0.221797038,22.17970382,2.97E+08,297.3823619
6/3/2022,2.16E+08,216.2906011,0.21682484,21.682484,7.87E+07,78.69714757,0.219497405,21.94974053,2.95E+08,294.9877487
6/4/2022,2.16E+08,215.6310697,0.215528663,21.55286634,7.91E+07,79.10935559,0.215760572,21.57605723,2.95E+08,294.7404253
6/5/2022,2.17E+08,216.7539368,0.217586625,21.75866251,7.93E+07,79.34503436,0.227710583,22.77105832,2.96E+08,296.0989712
6/6/2022,2.18E+08,218.3582248,0.224986897,22.49868968,7.64E+07,76.39760393,0.253666526,25.36665256,2.95E+08,294.7558288
6/7/2022,2.15E+08,215.1526644,0.216643356,21.6643356,7.57E+07,75.74962201,0.235830525,23.5830525,2.91E+08,290.9022864
6/8/2022,2.16E+08,216.4228804,0.075239862,7.523986246,7.59E+07,75.90926648,0.38853576,38.85357602,2.92E+08,292.3321469
6/9/2022,2.15E+08,214.9322669,0.075526712,7.552671197,7.77E+07,77.65462108,0.380939877,38.09398765,2.93E+08,292.586888
6/10/2022,2.12E+08,211.5589062,0.074351801,7.435180081,7.75E+07,77.54928607,0.3661335,36.61335003,2.89E+08,289.1081923
6/11/2022,2.02E+08,202.4520352,0.071239367,7.123936678,7.54E+07,75.42104041,0.343536817,34.35368173,2.78E+08,277.8730757
6/12/2022,1.87E+08,186.6141045,0.071746813,7.174681322,7.21E+07,72.07681725,0.312426197,31.24261972,2.59E+08,258.6909218
6/13/2022,1.71E+08,170.5388812,0.067373351,6.737335082,6.55E+07,65.50711742,0.292769319,29.27693186,2.36E+08,236.0459986
6/14/2022,1.62E+08,162.3943881,0.066410328,6.641032774,5.91E+07,59.09288897,0.331487903,33.14879033,2.21E+08,221.487277
6/15/2022,1.55E+08,155.4507463,0.326569938,32.65699378,5.62E+07,56.15864329,0.293988363,29.39883626,2.12E+08,211.6093896
6/16/2022,1.56E+08,155.7252215,0.327812918,32.78129185,5.54E+07,55.41626844,0.3123174,31.23174002,2.11E+08,211.1414899
6/17/2022,1.53E+08,153.1681485,0.316978385,31.69783846,5.47E+07,54.6544446,0.304214668,30.42146684,2.08E+08,207.8225931
6/18/2022,1.48E+08,148.11945,0.303731053,30.37310533,5.09E+07,50.92953812,0.306847563,30.68475627,1.99E+08,199.0489882
6/19/2022,1.52E+08,151.7149192,0.302607423,30.26074227,5.07E+07,50.66912832,0.303973468,30.3973468,2.02E+08,202.3840475
6/20/2022,1.57E+08,156.6957351,0.314913984,31.49139843,5.32E+07,53.2066956,0.320814895,32.0814895,2.10E+08,209.9024307
6/21/2022,1.60E+08,160.3419705,0.318598444,31.85984437,5.79E+07,57.87206574,0.310659285,31.0659285,2.18E+08,218.2140362
6/22/2022,1.57E+08,157.333352,0.233996293,23.39962932,5.75E+07,57.49724411,0.329433842,32.94338422,2.15E+08,214.8305961
6/23/2022,1.59E+08,158.5594358,0.235484908,23.54849084,5.74E+07,57.44740384,0.34687375,34.68737499,2.16E+08,216.0068396
6/24/2022,1.63E+08,163.055328,0.245654268,24.56542675,5.94E+07,59.37056273,0.37500237,37.50023699,2.22E+08,222.4258907
6/25/2022,1.65E+08,164.684608,0.249933211,24.99332113,6.10E+07,60.98206067,0.389877184,38.98771841,2.26E+08,225.6666687
6/26/2022,1.66E+08,166.0281789,0.251652952,25.16529522,6.15E+07,61.48601292,0.389325317,38.93253169,2.28E+08,227.5141918
6/27/2022,1.63E+08,163.452838,0.250444665,25.04446648,6.12E+07,61.1997304,0.377218352,37.72183521,2.25E+08,224.6525684
6/28/2022,1.64E+08,164.260897,0.245314202,24.53142023,6.09E+07,60.91583233,0.362905345,36.29053451,2.25E+08,225.1767293
6/29/2022,1.62E+08,161.9291433,0.103872658,10.38726578,5.97E+07,59.71641256,0.254195991,25.41959908,2.22E+08,221.6455558
6/30/2022,1.58E+08,158.2955057,0.099030642,9.903064245,5.72E+07,57.21503162,0.244151879,24.41518792,2.16E+08,215.5105373
7/1/2022,1.59E+08,158.7938949,0.100526464,10.05264644,5.80E+07,58.01014113,0.238266104,23.82661038,2.17E+08,216.804036
7/2/2022,1.57E+08,156.7560673,0.100683118,10.06831184,5.90E+07,59.01167562,0.233254988,23.32549878,2.16E+08,215.7677429
7/3/2022,1.57E+08,157.0994243,0.101304171,10.13041713,5.92E+07,59.2363365,0.230980776,23.09807763,2.16E+08,216.3357608
7/4/2022,1.58E+08,158.3636462,0.103030095,10.30300952,6.07E+07,60.66719486,0.237543191,23.75431908,2.19E+08,219.030841
7/5/2022,1.61E+08,160.8411246,0.105424242,10.54242419,6.52E+07,65.15551516,0.227365034,22.73650343,2.26E+08,225.9966397
7/6/2022,1.62E+08,161.7252552,0.162181299,16.21812993,7.11E+07,71.06971045,0.203125632,20.31256324,2.33E+08,232.7949656
7/7/2022,1.66E+08,165.9543428,0.165880476,16.58804762,7.42E+07,74.19155669,0.2061332,20.61331997,2.40E+08,240.1458995
7/8/2022,1.68E+08,168.4713042,0.16819104,16.81910397,7.73E+07,77.28004364,0.202952736,20.29527357,2.46E+08,245.7513478
7/9/2022,1.69E+08,168.7108318,0.165870108,16.58701085,8.28E+07,82.78339216,0.188080496,18.80804957,2.51E+08,251.494224
7/10/2022,1.67E+08,166.6906369,0.162954897,16.29548967,8.20E+07,81.97044812,0.183956707,18.39567065,2.49E+08,248.661085
7/11/2022,1.65E+08,164.6692773,0.15940066,15.94006602,8.10E+07,80.95887661,0.177204978,17.72049781,2.46E+08,245.6281539
7/12/2022,1.62E+08,161.7598216,0.152027607,15.20276074,7.96E+07,79.61821183,0.171882536,17.18825359,2.41E+08,241.3780334
7/13/2022,1.62E+08,161.9582203,0.154265083,15.42650831,7.97E+07,79.7014704,0.160523272,16.05232719,2.42E+08,241.6596907
7/14/2022,1.65E+08,165.2299051,0.159685776,15.96857756,8.16E+07,81.64452697,0.168429744,16.84297438,2.47E+08,246.8744321
7/15/2022,1.71E+08,171.0159407,0.167067764,16.70677638,8.39E+07,83.90780254,0.172088098,17.20880982,2.55E+08,254.9237432
7/16/2022,1.75E+08,175.3889281,0.167940465,16.79404654,8.52E+07,85.21266445,0.170572365,17.05723651,2.61E+08,260.6015926
7/17/2022,1.80E+08,180.3933455,0.175681521,17.56815208,8.69E+07,86.91859645,0.179200298,17.92002977,2.67E+08,267.3119419
7/18/2022,1.88E+08,188.4271807,0.180979736,18.09797356,8.95E+07,89.51238988,0.18763696,18.76369604,2.78E+08,277.9395705
7/19/2022,1.95E+08,195.439342,0.185149276,18.51492764,9.02E+07,90.18698691,0.197549512,19.75495115,2.86E+08,285.6263289
7/20/2022,1.99E+08,198.8030261,0.222260373,22.22603729,9.06E+07,90.56070992,0.187041096,18.70410963,2.89E+08,289.363736
7/21/2022,1.84E+08,183.5938967,0.234883198,23.48831982,8.24E+07,82.38229982,0.198333813,19.8333813,2.66E+08,265.9761965
7/22/2022,1.87E+08,186.691642,0.240272975,24.02729751,8.28E+07,82.78564362,0.202301213,20.23012127,2.69E+08,269.4772856
7/23/2022,1.84E+08,184.3698503,0.237155132,23.71551315,8.14E+07,81.44625729,0.198043917,19.80439175,2.66E+08,265.8161076
7/24/2022,1.87E+08,187.2757623,0.241213426,24.1213426,8.24E+07,82.37199452,0.19712072,19.71207196,2.70E+08,269.6477569
7/25/2022,1.84E+08,183.7853487,0.234850378,23.48503783,8.11E+07,81.07908292,0.185270191,18.52701912,2.65E+08,264.8644317
7/26/2022,1.80E+08,180.0799971,0.220948183,22.09481832,7.74E+07,77.44011573,0.178975324,17.89753243,2.58E+08,257.5201129
7/27/2022,1.87E+08,186.9414219,0.201624622,20.16246215,8.13E+07,81.25361269,0.2375432,23.75431996,2.68E+08,268.1950346
7/28/2022,1.99E+08,199.3049332,0.210815149,21.08151495,8.52E+07,85.21718899,0.247701909,24.77019092,2.85E+08,284.5221222
7/29/2022,2.04E+08,204.2634437,0.211672822,21.16728216,8.73E+07,87.31786704,0.253062779,25.3062779,2.92E+08,291.5813107
7/30/2022,2.06E+08,206.3425338,0.209120085,20.9120085,8.88E+07,88.79533145,0.250704358,25.07043576,2.95E+08,295.1378653
7/31/2022,2.07E+08,206.8144383,0.207674582,20.76745818,9.10E+07,90.99173631,0.242877805,24.28778051,2.98E+08,297.8061746
8/1/2022,2.07E+08,206.6758676,0.203074649,20.30746494,9.12E+07,91.19107995,0.233542417,23.35424169,2.98E+08,297.8669475
8/2/2022,2.11E+08,211.404174,0.192284608,19.22846083,9.19E+07,91.86821505,0.224950108,22.4950108,3.03E+08,303.2723891
8/3/2022,2.21E+08,220.792351,0.29385175,29.38517497,8.80E+07,87.96787551,0.17315927,17.31592699,3.09E+08,308.7602266
8/4/2022,2.24E+08,224.4111734,0.285373093,28.53730932,8.75E+07,87.48827346,0.173231347,17.32313469,3.12E+08,311.8994469
8/5/2022,2.31E+08,231.0768966,0.285749567,28.57495666,8.74E+07,87.43726595,0.178434637,17.8434637,3.19E+08,318.5141626
8/6/2022,2.38E+08,237.8185758,0.285483725,28.54837251,8.71E+07,87.06835321,0.191144953,19.11449525,3.25E+08,324.886929
8/7/2022,2.38E+08,237.6573151,0.281735328,28.1735328,8.81E+07,88.0919057,0.198528119,19.85281188,3.26E+08,325.7492208
8/8/2022,2.45E+08,244.7473753,0.283421576,28.3421576,8.95E+07,89.48875086,0.207465155,20.74651554,3.34E+08,334.2361262
8/9/2022,2.41E+08,241.0035316,0.283819076,28.38190763,8.81E+07,88.0996202,0.203964019,20.39640195,3.29E+08,329.1031518
8/10/2022,2.46E+08,245.5102216,0.133722624,13.37226238,8.96E+07,89.58798105,0.157025419,15.70254194,3.35E+08,335.0982027
8/11/2022,2.51E+08,250.6907873,0.140936384,14.09363836,9.04E+07,90.44270119,0.160354719,16.0354719,3.41E+08,341.1334885
8/12/2022,2.50E+08,250.2252295,0.141684613,14.16846132,9.05E+07,90.53408777,0.158021211,15.8021211,3.41E+08,340.7593173
8/13/2022,2.53E+08,252.5605148,0.146876913,14.68769127,9.19E+07,91.87813609,0.159176502,15.91765018,3.44E+08,344.4386509
8/14/2022,2.49E+08,248.9531114,0.148150674,14.81506743,9.16E+07,91.63488672,0.156382023,15.63820226,3.41E+08,340.5879982
8/15/2022,2.44E+08,243.9628546,0.147168347,14.71683467,9.10E+07,91.0424811,0.152506142,15.2506142,3.35E+08,335.0053357
8/16/2022,2.41E+08,241.4607544,0.145913934,14.5913934,9.11E+07,91.10845198,0.150239269,15.02392692,3.33E+08,332.5692063
8/17/2022,2.39E+08,238.9335688,0.253481382,25.34813818,9.08E+07,90.81220764,0.190400966,19.04009665,3.30E+08,329.7457764
8/18/2022,2.39E+08,239.2679775,0.251323076,25.13230762,9.04E+07,90.43764357,0.182720594,18.27205939,3.30E+08,329.705621
8/19/2022,2.38E+08,237.9741826,0.236071434,23.6071434,8.59E+07,85.92393575,0.17093141,17.09314098,3.24E+08,323.8981183
8/20/2022,2.40E+08,240.141284,0.218044219,21.80442185,8.30E+07,82.96184641,0.175274327,17.52743267,3.23E+08,323.1031304
8/21/2022,2.41E+08,241.4395061,0.215379416,21.5379416,8.35E+07,83.46551435,0.175590896,17.55908961,3.25E+08,324.9050205
8/22/2022,2.40E+08,240.183994,0.21294889,21.29488903,8.30E+07,83.02568193,0.172949382,17.29493824,3.23E+08,323.2096759
8/23/2022,2.46E+08,245.841009,0.213935975,21.39359749,8.53E+07,85.29755192,0.172782476,17.27824758,3.31E+08,331.138561
8/24/2022,2.49E+08,249.4103146,0.310198996,31.01989959,8.72E+07,87.2419258,0.175672269,17.56722689,3.37E+08,336.6522404
8/25/2022,2.54E+08,254.0355387,0.312685958,31.26859583,8.74E+07,87.36385779,0.17522072,17.52207203,3.41E+08,341.3993965
8/26/2022,2.58E+08,257.629989,0.296459779,29.64597791,8.62E+07,86.18568972,0.170576202,17.05762017,3.44E+08,343.8156788
8/27/2022,2.52E+08,252.4303643,0.276936484,27.69364835,8.29E+07,82.92666513,0.162537801,16.25378007,3.35E+08,335.3570294
8/28/2022,2.56E+08,255.553223,0.272600438,27.26004375,8.17E+07,81.68341876,0.160762514,16.07625138,3.37E+08,337.2366417
8/29/2022,2.55E+08,255.1718725,0.272820199,27.28201986,7.98E+07,79.78513652,0.153101795,15.31017951,3.35E+08,334.957009
8/30/2022,2.66E+08,266.0845892,0.27341906,27.34190599,7.98E+07,79.84878869,0.163019457,16.30194571,3.46E+08,345.9333778
8/31/2022,2.73E+08,273.426021,0.29520164,29.52016399,7.59E+07,75.87503928,0.228486281,22.84862814,3.49E+08,349.3010603
9/1/2022,2.74E+08,273.604762,0.291544171,29.15441711,7.52E+07,75.18382459,0.223652396,22.36523956,3.49E+08,348.7885866
9/2/2022,2.81E+08,280.9867701,0.290150134,29.01501345,7.56E+07,75.61974057,0.224225337,22.42253368,3.57E+08,356.6065107
9/3/2022,2.82E+08,281.5757088,0.283248456,28.3248456,7.47E+07,74.74931287,0.223230844,22.32308436,3.56E+08,356.3250217
9/4/2022,2.86E+08,285.8319867,0.279361729,27.9361729,7.45E+07,74.48885547,0.225148727,22.5148727,3.60E+08,360.3208422
9/5/2022,2.90E+08,290.2427307,0.278576387,27.85763872,7.45E+07,74.45639706,0.223762212,22.37622123,3.65E+08,364.6991278
9/6/2022,2.93E+08,293.042196,0.28553072,28.55307202,7.45E+07,74.53421979,0.232395548,23.23955484,3.68E+08,367.5764158
9/7/2022,2.80E+08,279.8747301,0.277997737,27.7997737,7.28E+07,72.75814792,0.155482269,15.54822695,3.53E+08,352.632878
9/8/2022,2.78E+08,278.1624303,0.294516483,29.4516483,7.00E+07,69.96487706,0.164920222,16.49202224,3.48E+08,348.1273074
9/9/2022,2.89E+08,288.9953483,0.295467225,29.54672247,7.13E+07,71.3463199,0.171914022,17.19140217,3.60E+08,360.3416682
9/10/2022,2.95E+08,295.0421187,0.294832181,29.48321808,7.21E+07,72.05564647,0.17333109,17.33310897,3.67E+08,367.0977652
9/11/2022,2.98E+08,297.8208086,0.297806725,29.78067246,7.15E+07,71.49559786,0.174705443,17.47054427,3.69E+08,369.3164065
9/12/2022,3.00E+08,299.625515,0.290746202,29.07462022,7.22E+07,72.22857833,0.177576091,17.75760905,3.72E+08,371.8540934
9/13/2022,2.93E+08,292.7606165,0.285354101,28.5354101,7.05E+07,70.45227916,0.177436968,17.7436968,3.63E+08,363.2128957
9/14/2022,2.87E+08,286.8612863,0.38963517,38.96351698,6.81E+07,68.09141136,0.227930428,22.79304277,3.55E+08,354.9526976
9/15/2022,2.89E+08,288.6580209,0.378127721,37.81277213,6.72E+07,67.19926537,0.226991043,22.69910431,3.56E+08,355.8572863
9/16/2022,3.03E+08,303.4428736,0.334930572,33.49305725,6.65E+07,66.51160532,0.220725266,22.07252658,3.70E+08,369.9544789
9/17/2022,3.24E+08,323.8090386,0.311526729,31.15267292,6.67E+07,66.69531038,0.22371802,22.37180197,3.91E+08,390.5043489
9/18/2022,3.23E+08,323.4950032,0.306865417,30.68654166,6.48E+07,64.75841536,0.227703327,22.77033267,3.88E+08,388.2534186
9/19/2022,3.16E+08,316.1475583,0.293949689,29.39496895,6.13E+07,61.25440035,0.225330596,22.53305958,3.77E+08,377.4019586
9/20/2022,3.23E+08,323.0781442,0.29263301,29.26330105,6.11E+07,61.10956404,0.225907219,22.59072186,3.84E+08,384.1877082
9/21/2022,3.25E+08,325.3457716,0.35737941,35.73794103,6.23E+07,62.32533642,0.287467208,28.74672081,3.88E+08,387.6711081
9/22/2022,3.32E+08,331.925251,0.338798761,33.87987611,6.20E+07,62.00425535,0.295513715,29.55137147,3.94E+08,393.9295063
9/23/2022,3.45E+08,345.075934,0.333330684,33.33306844,6.30E+07,62.96786273,0.2983161,29.83161005,4.08E+08,408.0437968
9/24/2022,3.51E+08,351.4380318,0.331095968,33.10959678,6.34E+07,63.38774475,0.300744882,30.07448822,4.15E+08,414.8257765
9/25/2022,3.57E+08,356.9295241,0.32240178,32.24017796,6.29E+07,62.93184958,0.298136004,29.81360041,4.20E+08,419.8613737
9/26/2022,3.63E+08,363.0983851,0.316275868,31.62758675,6.30E+07,62.95783991,0.29276351,29.27635097,4.26E+08,426.0562251
9/27/2022,3.66E+08,366.2843888,0.325220304,32.52203042,6.41E+07,64.08174935,0.294910296,29.49102961,4.30E+08,430.3661382
9/28/2022,3.61E+08,361.1657853,0.234096419,23.40964187,6.30E+07,63.04394337,0.167663756,16.76637562,4.24E+08,424.2097287
9/29/2022,3.64E+08,364.4974849,0.235753427,23.57534271,6.33E+07,63.25172713,0.167906765,16.79067652,4.28E+08,427.7492121
9/30/2022,3.66E+08,365.9391684,0.235812918,23.58129182,6.34E+07,63.44625901,0.168910121,16.89101206,4.29E+08,429.3854274
10/1/2022,3.64E+08,363.939338,0.234616,23.46160003,6.30E+07,63.04281302,0.168148967,16.8148967,4.27E+08,426.982151
10/2/2022,3.62E+08,362.2102575,0.232155075,23.21550754,6.29E+07,62.90856742,0.165754248,16.57542478,4.25E+08,425.118825
10/3/2022,3.65E+08,364.7044959,0.230770418,23.07704181,6.28E+07,62.82530805,0.16533,16.53299998,4.28E+08,427.5298039
10/4/2022,3.75E+08,374.6991692,0.231486219,23.14862188,6.41E+07,64.09402303,0.166868219,16.68682195,4.39E+08,438.7931922
10/5/2022,3.79E+08,379.1989894,0.145495225,14.5495225,6.42E+07,64.19411534,0.107026415,10.70264146,4.43E+08,443.3931047
10/6/2022,3.82E+08,381.9603009,0.146324059,14.63240588,6.51E+07,65.11920509,0.10601021,10.60102101,4.47E+08,447.0795059
10/7/2022,3.78E+08,378.359346,0.145532665,14.55326651,6.46E+07,64.55035081,0.104885992,10.48859921,4.43E+08,442.9096968
10/8/2022,3.75E+08,374.5207003,0.145158913,14.51589125,6.43E+07,64.26717986,0.104644911,10.46449113,4.39E+08,438.7878801
10/9/2022,3.73E+08,373.04782,0.144837307,14.48373067,6.42E+07,64.23558387,0.104730604,10.47306044,4.37E+08,437.2834039
10/10/2022,3.71E+08,370.8514717,0.145023001,14.50230006,6.37E+07,63.65598435,0.10481068,10.48106795,4.35E+08,434.5074561
10/11/2022,3.68E+08,368.3162053,0.142654098,14.26540981,6.18E+07,61.77289657,0.103274714,10.32747136,4.30E+08,430.0891018
10/12/2022,3.70E+08,370.3239778,0.161447733,16.14477327,6.17E+07,61.72099063,0.10692864,10.69286397,4.32E+08,432.0449684
10/13/2022,3.70E+08,370.2716393,0.15874278,15.87427802,6.11E+07,61.09926848,0.104050956,10.40509563,4.31E+08,431.3709078
10/14/2022,3.86E+08,386.1754981,0.15726742,15.72674202,6.27E+07,62.72631103,0.105180234,10.51802337,4.49E+08,448.9018091
10/15/2022,3.83E+08,382.6179301,0.155458128,15.54581282,6.19E+07,61.88821226,0.104259412,10.42594115,4.45E+08,444.5061423
10/16/2022,3.83E+08,383.0502434,0.155285316,15.52853164,6.19E+07,61.89038676,0.104005989,10.40059889,4.45E+08,444.9406302
10/17/2022,3.88E+08,388.1208182,0.156662786,15.66627856,6.24E+07,62.36496021,0.105550287,10.55502866,4.50E+08,450.4857784
10/18/2022,3.88E+08,388.1191614,0.157259726,15.72597257,6.24E+07,62.36392789,0.106049135,10.60491355,4.50E+08,450.4830893
10/19/2022,3.85E+08,385.4582445,0.125980344,12.59803441,6.23E+07,62.34160157,0.118634902,11.86349023,4.48E+08,447.7998461
10/20/2022,3.83E+08,383.4268447,0.125650453,12.56504531,6.22E+07,62.22056132,0.116281553,11.62815531,4.46E+08,445.6474061
10/21/2022,3.77E+08,376.6325252,0.127842086,12.78420861,6.01E+07,60.13667336,0.119714021,11.97140209,4.37E+08,436.7691986
10/22/2022,3.79E+08,378.6500732,0.128841208,12.88412075,6.02E+07,60.21329814,0.123725387,12.37253869,4.39E+08,438.8633713
10/23/2022,3.78E+08,377.6361307,0.130326523,13.03265228,6.04E+07,60.38746869,0.124437769,12.44377686,4.38E+08,438.0235994
10/24/2022,3.78E+08,378.3033106,0.13277056,13.27705605,6.06E+07,60.59373179,0.124995481,12.49954808,4.39E+08,438.8970424
10/25/2022,3.86E+08,386.008463,0.134401657,13.44016573,6.11E+07,61.12316663,0.125052183,12.50521827,4.47E+08,447.1316296
10/26/2022,4.01E+08,401.0903526,0.160984652,16.09846518,6.27E+07,62.70911574,0.161648714,16.16487145,4.64E+08,463.7994683
10/27/2022,4.02E+08,401.7816335,0.163187433,16.31874325,6.32E+07,63.23401075,0.161519221,16.15192213,4.65E+08,465.0156442
10/28/2022,3.99E+08,398.9369543,0.161863603,16.18636031,6.35E+07,63.49676068,0.164221748,16.42217476,4.62E+08,462.433715
10/29/2022,4.10E+08,409.8253453,0.165847504,16.58475043,6.61E+07,66.05818626,0.166695112,16.66951121,4.76E+08,475.8835315
10/30/2022,4.10E+08,409.7497401,0.165449411,16.54494109,6.65E+07,66.48758422,0.164391224,16.43912244,4.76E+08,476.2373243
10/31/2022,4.10E+08,410.098901,0.163166997,16.31669973,6.51E+07,65.09314177,0.172959691,17.29596912,4.75E+08,475.1920428
11/1/2022,4.12E+08,412.3149242,0.162406913,16.24069127,6.54E+07,65.3985861,0.173252322,17.32523216,4.78E+08,477.7135103
11/2/2022,4.13E+08,412.9183375,0.174735067,17.47350673,6.47E+07,64.73839544,0.209619863,20.96198626,4.78E+08,477.656733
11/3/2022,4.14E+08,413.7034825,0.172160196,17.21601955,6.40E+07,64.04407084,0.215759379,21.57593791,4.78E+08,477.7475533
11/4/2022,4.25E+08,425.3547336,0.173308953,17.3308953,6.56E+07,65.60927735,0.216322788,21.63227884,4.91E+08,490.9640109
11/5/2022,4.36E+08,435.6992409,0.173969667,17.39696667,6.65E+07,66.49265057,0.221389842,22.1389842,5.02E+08,502.1918915
11/6/2022,4.34E+08,434.3456169,0.172106454,17.21064538,6.64E+07,66.36533294,0.217879233,21.78792331,5.01E+08,500.7109499
11/7/2022,4.32E+08,431.8759914,0.169160547,16.91605467,6.62E+07,66.19270296,0.208249102,20.82491018,4.98E+08,498.0686943
11/8/2022,4.11E+08,410.9421892,0.164190024,16.41900236,6.22E+07,62.24830856,0.201765703,20.17657031,4.73E+08,473.1904977
11/9/2022,3.56E+08,356.4536566,0.273153121,27.31531208,5.51E+07,55.1312214,0.220279955,22.02799546,4.12E+08,411.584878
11/10/2022,3.46E+08,345.693585,0.28191023,28.191023,5.35E+07,53.51693334,0.228446872,22.84468716,3.99E+08,399.2105183
11/11/2022,3.51E+08,351.390069,0.285819565,28.58195649,5.29E+07,52.90286107,0.231282391,23.1282391,4.04E+08,404.2929301
11/12/2022,3.53E+08,352.9309777,0.283980287,28.39802873,5.03E+07,50.32757456,0.223583619,22.35836189,4.03E+08,403.2585523
11/13/2022,3.50E+08,350.2946714,0.280898982,28.0898982,4.96E+07,49.55463686,0.221928904,22.19289041,4.00E+08,399.8493082
11/14/2022,3.52E+08,352.3242448,0.27668164,27.66816404,4.92E+07,49.23454901,0.221062133,22.10621326,4.02E+08,401.5587938
11/15/2022,3.60E+08,359.6969809,0.27724242,27.72424202,5.01E+07,50.1020708,0.225208926,22.52089264,4.10E+08,409.7990517
11/16/2022,3.65E+08,364.8479966,0.537985045,53.79850445,5.03E+07,50.30524362,0.29353788,29.35378795,4.15E+08,415.1532402
11/17/2022,3.73E+08,372.9398093,0.515688415,51.56884146,5.05E+07,50.53173839,0.287528756,28.75287556,4.23E+08,423.4715477
11/18/2022,3.82E+08,382.4683342,0.506516381,50.65163812,5.05E+07,50.52988873,0.288527848,28.8527848,4.33E+08,432.9982229
11/19/2022,3.87E+08,387.3359136,0.49848781,49.84878103,5.04E+07,50.37587,0.282638345,28.26383453,4.38E+08,437.7117836
11/20/2022,3.85E+08,385.4229269,0.493903248,49.3903248,5.04E+07,50.38491813,0.281871442,28.18714417,4.36E+08,435.8078451
11/21/2022,3.75E+08,375.0536875,0.477299811,47.72998108,4.91E+07,49.08150787,0.270383424,27.03834243,4.24E+08,424.1351954
11/22/2022,3.63E+08,363.4393043,0.487427107,48.74271068,4.81E+07,48.10884605,0.27649164,27.64916405,4.12E+08,411.5481504
11/23/2022,3.67E+08,366.7419425,0.307376267,30.73762674,4.86E+07,48.564394,0.30746701,30.74670104,4.15E+08,415.3063365
11/24/2022,3.75E+08,374.7549125,0.310317667,31.03176673,4.91E+07,49.05889239,0.31253598,31.25359796,4.24E+08,423.8138049
11/25/2022,3.71E+08,371.1814546,0.310984178,31.09841784,4.90E+07,48.97207426,0.307467729,30.74677285,4.20E+08,420.1535289
11/26/2022,3.58E+08,357.9003603,0.329366224,32.93662239,4.91E+07,49.1053692,0.310824048,31.08240483,4.07E+08,407.0057295
11/27/2022,3.56E+08,355.649359,0.331310885,33.13108854,4.91E+07,49.13435985,0.312138314,31.21383142,4.05E+08,404.7837189
11/28/2022,3.50E+08,350.3859414,0.32456219,32.45621899,4.83E+07,48.31644804,0.301464465,30.14644645,3.99E+08,398.7023895
11/29/2022,3.61E+08,361.2054519,0.323788023,32.37880227,5.02E+07,50.23876185,0.293089126,29.3089126,4.11E+08,411.4442137
11/30/2022,3.70E+08,369.7744526,0.3070085,30.70084997,5.13E+07,51.28809197,0.344702796,34.47027957,4.21E+08,421.0625446
12/1/2022,3.73E+08,373.4576212,0.30606773,30.60677296,5.18E+07,51.84640754,0.345048992,34.50489924,4.25E+08,425.3040288
12/2/2022,3.77E+08,376.7148105,0.3033916,30.33916001,5.23E+07,52.31558665,0.345420088,34.54200876,4.29E+08,429.0303972
12/3/2022,3.83E+08,383.1251032,0.296854164,29.68541641,5.28E+07,52.75299493,0.352778054,35.27780545,4.36E+08,435.8780981
12/4/2022,3.85E+08,384.5344469,0.293041819,29.30418191,5.32E+07,53.2121936,0.352997719,35.29977188,4.38E+08,437.7466405
12/5/2022,3.89E+08,389.1012915,0.29397044,29.39704397,5.39E+07,53.94027229,0.354988945,35.49889448,4.43E+08,443.0415638
12/6/2022,3.89E+08,388.5544306,0.289092569,28.90925687,5.39E+07,53.85545375,0.346386789,34.63867887,4.42E+08,442.4098844
12/7/2022,3.89E+08,388.7740891,0.154705997,15.47059966,5.35E+07,53.50316051,0.091654646,9.165464614,4.42E+08,442.2772496
12/8/2022,3.90E+08,390.3178561,0.154738944,15.47389438,5.39E+07,53.91802907,0.090685596,9.068559641,4.44E+08,444.2358852
12/9/2022,4.00E+08,400.190725,0.154693851,15.46938512,5.47E+07,54.7423127,0.09067186,9.067186016,4.55E+08,454.9330377
12/10/2022,4.00E+08,399.5630169,0.153880266,15.38802664,5.43E+07,54.30594714,0.091242053,9.124205271,4.54E+08,453.868964
12/11/2022,4.03E+08,403.0857459,0.153076615,15.30766147,5.38E+07,53.81100611,0.091842582,9.184258232,4.57E+08,456.896752
12/12/2022,4.05E+08,405.1150439,0.150063954,15.00639542,5.36E+07,53.62724217,0.088076549,8.807654911,4.59E+08,458.7422861
12/13/2022,4.17E+08,416.8482898,0.150500123,15.05001227,5.54E+07,55.43580465,0.08793713,8.793713011,4.72E+08,472.2840944
12/14/2022,4.23E+08,423.112561,0.218165009,21.81650093,5.71E+07,57.0599204,0.234032062,23.40320618,4.80E+08,480.1724814
12/15/2022,4.21E+08,420.7684889,0.212625376,21.26253764,5.64E+07,56.41444616,0.231814532,23.18145318,4.77E+08,477.1829351
12/16/2022,4.22E+08,421.7564826,0.203213272,20.32132719,5.56E+07,55.58602729,0.222718016,22.27180158,4.77E+08,477.3425099
12/17/2022,4.21E+08,421.4891412,0.195033983,19.50339832,5.43E+07,54.27649643,0.211400754,21.14007536,4.76E+08,475.7656377
12/18/2022,4.24E+08,423.5476907,0.19499746,19.499746,5.42E+07,54.16252484,0.212940891,21.29408905,4.78E+08,477.7102155
12/19/2022,4.19E+08,419.3364036,0.19642095,19.64209496,5.41E+07,54.10162138,0.212093387,21.20933873,4.73E+08,473.4380249
12/20/2022,4.06E+08,405.7171125,0.208415339,20.84153393,5.47E+07,54.73386052,0.209986544,20.99865445,4.60E+08,460.4509731
12/21/2022,3.97E+08,396.8021986,0.202749084,20.27490842,5.46E+07,54.60855258,0.131945289,13.19452889,4.51E+08,451.4107511
12/22/2022,3.96E+08,395.7289477,0.201630133,20.16301333,5.45E+07,54.48162816,0.130829537,13.08295374,4.50E+08,450.2105758
12/23/2022,3.98E+08,398.4882362,0.202117226,20.21172264,5.54E+07,55.42312991,0.129984651,12.99846513,4.54E+08,453.9113661
12/24/2022,3.98E+08,398.2560156,0.202082056,20.20820559,5.55E+07,55.4615973,0.128912771,12.89127705,4.54E+08,453.7176129
12/25/2022,3.98E+08,397.7877308,0.201898386,20.18983858,5.52E+07,55.23829566,0.128375038,12.8375038,4.53E+08,453.0260265
12/26/2022,3.98E+08,397.8051672,0.202198821,20.21988209,5.51E+07,55.13112718,0.129112056,12.91120558,4.53E+08,452.9362944
12/27/2022,3.96E+08,395.8320185,0.202973752,20.29737518,5.50E+07,54.96289057,0.129721708,12.97217076,4.51E+08,450.794909
12/28/2022,3.93E+08,393.1256565,0.11134578,11.134578,5.29E+07,52.89004768,0.057688606,5.768860627,4.46E+08,446.0157042
12/29/2022,3.90E+08,390.3898597,0.112090942,11.20909415,5.29E+07,52.94350817,0.056381345,5.638134532,4.43E+08,443.3333679
12/30/2022,3.89E+08,388.6532222,0.112435307,11.24353072,5.27E+07,52.71861309,0.055132296,5.513229575,4.41E+08,441.3718353
12/31/2022,3.89E+08,388.7011764,0.112742578,11.27425776,5.25E+07,52.54475991,0.055933307,5.593330684,4.41E+08,441.2459363
1/1/2023,3.87E+08,387.3725323,0.112989915,11.29899152,5.24E+07,52.36242593,0.055375197,5.537519687,4.40E+08,439.7349582
1/2/2023,3.89E+08,389.3775989,0.113762433,11.37624332,5.33E+07,53.31785292,0.055744509,5.574450893,4.43E+08,442.6954518
1/3/2023,3.88E+08,388.4771705,0.114231022,11.42310222,5.34E+07,53.37624017,0.056792272,5.679227202,4.42E+08,441.8534106
1/4/2023,3.87E+08,386.7029332,0.077120763,7.712076318,5.41E+07,54.10056446,0.078387809,7.838780935,4.41E+08,440.8034977
1/5/2023,3.83E+08,382.7012529,0.078149031,7.814903108,5.32E+07,53.21818436,0.08002081,8.002081019,4.36E+08,435.9194372
1/6/2023,3.79E+08,379.0040396,0.079089098,7.908909814,5.30E+07,52.96456305,0.078328587,7.832858657,4.32E+08,431.9686027
1/7/2023,3.69E+08,369.1202394,0.081875892,8.187589246,5.32E+07,53.15699668,0.079043273,7.904327313,4.22E+08,422.277236
1/8/2023,3.68E+08,368.3485789,0.082049001,8.204900064,5.30E+07,53.03406036,0.079587852,7.9587852,4.21E+08,421.3826393
1/9/2023,3.71E+08,371.2661861,0.08477672,8.477671987,5.39E+07,53.90588357,0.08226924,8.226923956,4.25E+08,425.1720697
1/10/2023,3.70E+08,370.258071,0.085826739,8.582673859,5.36E+07,53.64125342,0.083316321,8.331632137,4.24E+08,423.8993244
1/11/2023,3.71E+08,370.7990682,0.318803791,31.88037909,5.52E+07,55.19917732,0.492159743,49.21597426,4.26E+08,425.9982455
1/12/2023,3.80E+08,379.7656286,0.326897491,32.68974907,5.81E+07,58.14053261,0.554796524,55.47965236,4.38E+08,437.9061612
1/13/2023,3.87E+08,387.2562936,0.323472402,32.34724022,5.93E+07,59.28216267,0.548037587,54.80375868,4.47E+08,446.5384563
1/14/2023,3.93E+08,392.8660441,0.34592261,34.59226099,6.08E+07,60.78317334,0.581005956,58.10059556,4.54E+08,453.6492174
1/15/2023,3.92E+08,392.1189681,0.346678688,34.6678688,6.19E+07,61.92488,0.558423232,55.84232322,4.54E+08,454.0438481
1/16/2023,3.93E+08,392.5966741,0.351979985,35.19799845,6.28E+07,62.84858423,0.556170134,55.61701344,4.55E+08,455.4452583
1/17/2023,3.87E+08,387.0852982,0.359144162,35.91441615,6.34E+07,63.3860293,0.563982115,56.39821147,4.50E+08,450.4713275
1/18/2023,3.84E+08,384.3636301,0.310515776,31.05157757,6.38E+07,63.77964367,0.350664692,35.06646923,4.48E+08,448.1432737
1/19/2023,3.87E+08,386.7362239,0.301899924,30.18999241,6.29E+07,62.88306355,0.338663407,33.86634066,4.50E+08,449.6192874
1/20/2023,3.92E+08,392.0632846,0.305722342,30.57223424,6.36E+07,63.62340709,0.341904159,34.19041589,4.56E+08,455.6866917
1/21/2023,3.96E+08,396.3760338,0.317903355,31.7903355,6.36E+07,63.61657828,0.362695449,36.2695449,4.60E+08,459.9926121
1/22/2023,3.98E+08,397.7519551,0.312522835,31.25228347,6.36E+07,63.63756819,0.364116508,36.41165077,4.61E+08,461.3895233
1/23/2023,4.02E+08,402.2823913,0.309133738,30.91337375,6.35E+07,63.52414727,0.372149244,37.21492442,4.66E+08,465.8065386
1/24/2023,4.05E+08,405.3914126,0.305081158,30.50811576,6.40E+07,63.99615652,0.378577264,37.85772642,4.69E+08,469.3875691
1/25/2023,4.05E+08,404.6005934,0.191789959,19.17899594,6.43E+07,64.31561406,0.272496358,27.24963579,4.69E+08,468.9162074
1/26/2023,4.07E+08,406.5350828,0.19711144,19.71114396,6.46E+07,64.57360548,0.283546181,28.35461807,4.71E+08,471.1086883
1/27/2023,4.07E+08,406.8112766,0.194207059,19.42070593,6.46E+07,64.6219933,0.288348375,28.83483751,4.71E+08,471.4332698
1/28/2023,4.10E+08,410.2764261,0.19248671,19.24867102,6.48E+07,64.77535637,0.322487971,32.24879709,4.75E+08,475.0517824
1/29/2023,4.13E+08,413.0439611,0.194364039,19.43640393,6.49E+07,64.90824647,0.321812042,32.18120418,4.78E+08,477.9522075
1/30/2023,4.09E+08,408.7025738,0.194916882,19.4916882,6.52E+07,65.19491133,0.31686624,31.68662403,4.74E+08,473.8974852
1/31/2023,4.07E+08,406.6665123,0.193347654,19.33476539,6.53E+07,65.31326455,0.305614647,30.56146468,4.72E+08,471.9797768
2/1/2023,4.10E+08,409.8726141,0.195659766,19.56597656,6.60E+07,65.96265377,0.230630617,23.06306173,4.76E+08,475.8352679
2/2/2023,4.22E+08,421.8985466,0.199858111,19.98581109,6.81E+07,68.14125815,0.251261359,25.12613591,4.90E+08,490.0398048
2/3/2023,4.24E+08,424.0528132,0.196295438,19.62954378,6.83E+07,68.34630884,0.242875906,24.28759057,4.92E+08,492.3991221
2/4/2023,4.25E+08,424.7641338,0.198045164,19.80451635,6.92E+07,69.22826605,0.239640093,23.96400926,4.94E+08,493.9923999
2/5/2023,4.26E+08,426.4790006,0.195402132,19.5402132,6.95E+07,69.47113452,0.231295429,23.1295429,4.96E+08,495.9501352
2/6/2023,4.30E+08,429.5352684,0.191929825,19.19298253,6.95E+07,69.47165386,0.22534655,22.53465497,4.99E+08,499.0069222
2/7/2023,4.32E+08,431.9704743,0.191639304,19.16393037,7.18E+07,71.76153822,0.218866439,21.88664391,5.04E+08,503.7320125
2/8/2023,4.32E+08,432.4252875,0.212312549,21.23125486,7.34E+07,73.38031221,0.214893286,21.48932857,5.06E+08,505.8055997
2/9/2023,4.28E+08,428.3908095,0.208343701,20.83437006,7.27E+07,72.70671806,0.206194918,20.61949185,5.01E+08,501.0975276
2/10/2023,4.23E+08,422.6278708,0.200472528,20.04725277,7.08E+07,70.82191737,0.195863524,19.58635239,4.93E+08,493.4497882
2/11/2023,4.27E+08,426.5280873,0.196464369,19.64643693,7.18E+07,71.83178411,0.191785656,19.17856555,4.98E+08,498.3598714
2/12/2023,4.31E+08,431.2929393,0.195810539,19.58105394,7.35E+07,73.48916709,0.19002437,19.00243704,5.05E+08,504.7821064
2/13/2023,4.28E+08,428.1638329,0.192722369,19.27223695,7.31E+07,73.09200386,0.184040896,18.40408956,5.01E+08,501.2558368
2/14/2023,4.33E+08,433.1067124,0.193679409,19.3679409,7.62E+07,76.20422764,0.179633667,17.9633667,5.09E+08,509.31094
2/15/2023,4.51E+08,450.5861647,0.531294734,53.12947337,8.46E+07,84.55299972,0.910234599,91.02345991,5.35E+08,535.1391645
2/16/2023,4.68E+08,468.2776858,0.546853083,54.68530826,9.48E+07,94.80126264,0.869753041,86.97530407,5.63E+08,563.0789484
2/17/2023,4.72E+08,471.6774684,0.537220525,53.72205246,9.69E+07,96.93124094,0.822578183,82.25781826,5.69E+08,568.6087093
2/18/2023,4.82E+08,481.7351118,0.533016345,53.30163448,1.00E+08,100.4010409,0.814493492,81.44934924,5.82E+08,582.1361527
2/19/2023,4.88E+08,488.3688488,0.525818454,52.58184544,1.04E+08,103.6486344,0.793807595,79.38075951,5.92E+08,592.0174831
2/20/2023,4.90E+08,490.1037825,0.524614677,52.46146765,1.14E+08,113.6121379,0.753419544,75.3419544,6.04E+08,603.7159204
2/21/2023,5.01E+08,501.2147972,0.508767057,50.87670575,1.20E+08,119.668416,0.717958965,71.79589654,6.21E+08,620.8832132
2/22/2023,5.06E+08,506.2099819,0.210412813,21.04128132,1.19E+08,118.6188535,0.172896257,17.28962569,6.25E+08,624.8288354
2/23/2023,5.14E+08,514.4840434,0.20978313,20.97831296,1.17E+08,116.5884184,0.173510352,17.35103518,6.31E+08,631.0724618
2/24/2023,5.12E+08,511.7748166,0.207820386,20.78203863,1.17E+08,117.0552769,0.164292991,16.42929907,6.29E+08,628.8300936
2/25/2023,5.06E+08,506.081134,0.205684952,20.56849516,1.15E+08,115.096196,0.15811978,15.81197797,6.21E+08,621.17733
2/26/2023,5.09E+08,509.0958375,0.205954882,20.59548819,1.16E+08,115.6521682,0.157485516,15.74855159,6.25E+08,624.7480056
2/27/2023,5.12E+08,512.1194734,0.208301543,20.83015428,1.17E+08,116.9613936,0.15557381,15.55738101,6.29E+08,629.080867
2/28/2023,5.09E+08,509.1599443,0.208512848,20.85128484,1.16E+08,116.3327382,0.151165831,15.1165831,6.25E+08,625.4926825
3/1/2023,5.11E+08,510.9885964,0.21297157,21.29715703,1.17E+08,116.6825526,0.164306344,16.43063437,6.28E+08,627.671149
3/2/2023,5.10E+08,510.3909295,0.212751551,21.27515509,1.16E+08,116.1781454,0.163110295,16.31102951,6.27E+08,626.5690748
3/3/2023,5.00E+08,499.6258496,0.208009435,20.80094346,1.11E+08,111.1721451,0.161766685,16.17666846,6.11E+08,610.7979947
3/4/2023,5.01E+08,501.0443401,0.206781985,20.6781985,1.08E+08,108.0053035,0.167524382,16.75243818,6.09E+08,609.0496436
3/5/2023,5.03E+08,503.341247,0.206176891,20.61768913,1.03E+08,102.6398747,0.173461375,17.34613753,6.06E+08,605.9811217
3/6/2023,5.04E+08,503.7537911,0.205546181,20.55461807,1.02E+08,101.6346601,0.174377818,17.43778176,6.05E+08,605.3884511
3/7/2023,5.03E+08,503.282723,0.205421831,20.54218309,9.73E+07,97.31714049,0.182847289,18.28472886,6.01E+08,600.5998635
3/8/2023,4.97E+08,497.2171281,0.102344468,10.2344468,9.59E+07,95.91185428,0.1308254,13.08253998,5.93E+08,593.1289824
3/9/2023,4.82E+08,482.0320066,0.103054012,10.30540119,8.63E+07,86.32580385,0.139495519,13.94955193,5.68E+08,568.3578105
3/10/2023,4.49E+08,448.8725248,0.102951371,10.29513713,8.06E+07,80.62256889,0.142807037,14.28070368,5.29E+08,529.4950937
3/11/2023,4.08E+08,408.4574345,0.116266887,11.62668874,7.50E+07,74.99435916,0.152882416,15.28824163,4.83E+08,483.4517936
3/12/2023,4.07E+08,406.9781041,0.119824383,11.98243832,7.53E+07,75.32927447,0.154583323,15.45833225,4.82E+08,482.3073785
3/13/2023,4.27E+08,426.7377362,0.124848495,12.48484955,7.88E+07,78.84540668,0.162639373,16.26393729,5.06E+08,505.5831429
3/14/2023,4.28E+08,427.8166917,0.130309891,13.03098911,8.00E+07,80.04947566,0.166957028,16.69570275,5.08E+08,507.8661674
3/15/2023,4.30E+08,429.8981052,0.527967611,52.79676113,8.05E+07,80.50984564,0.417947654,41.79476539,5.10E+08,510.4079509
3/16/2023,4.36E+08,435.9497692,0.514844719,51.48447192,8.17E+07,81.67412007,0.389782261,38.97822612,5.18E+08,517.6238893
3/17/2023,4.49E+08,449.0083803,0.519947407,51.9947407,8.33E+07,83.31465934,0.401191157,40.11911572,5.32E+08,532.3230396
3/18/2023,4.76E+08,475.5346419,0.513384446,51.33844462,8.33E+07,83.34742158,0.427134794,42.71347941,5.59E+08,558.8820635
3/19/2023,4.79E+08,479.0433576,0.506045895,50.60458953,8.36E+07,83.55972269,0.425018295,42.50182948,5.63E+08,562.6030803
3/20/2023,4.72E+08,472.2612043,0.506735753,50.67357529,8.27E+07,82.68035749,0.423471397,42.34713969,5.55E+08,554.9415617
3/21/2023,4.69E+08,468.5681627,0.512512918,51.25129175,8.28E+07,82.76788768,0.416051493,41.60514933,5.51E+08,551.3360504
3/22/2023,4.69E+08,469.2862381,0.204253307,20.42533065,8.28E+07,82.77374731,0.313374939,31.33749386,5.52E+08,552.0599854
3/23/2023,4.65E+08,465.0490117,0.205037919,20.50379187,8.24E+07,82.35419331,0.313806583,31.3806583,5.47E+08,547.403205
3/24/2023,4.69E+08,468.5209659,0.20423453,20.42345301,8.23E+07,82.30040875,0.313347763,31.33477626,5.51E+08,550.8213747
3/25/2023,4.67E+08,466.9753974,0.200908399,20.09083986,8.19E+07,81.88096881,0.307752169,30.77521685,5.49E+08,548.8563662
3/26/2023,4.70E+08,469.8265029,0.201587163,20.15871631,8.29E+07,82.89597877,0.308790806,30.87908062,5.53E+08,552.7224817
3/27/2023,4.69E+08,468.7252168,0.199763004,19.97630036,8.25E+07,82.54053655,0.303286937,30.3286937,5.51E+08,551.2657533
3/28/2023,4.71E+08,471.4632789,0.19787843,19.78784297,8.24E+07,82.43738211,0.300900597,30.09005972,5.54E+08,553.900661
3/29/2023,4.81E+08,481.3225103,0.26289029,26.28902895,8.47E+07,84.70243894,0.350277287,35.02772871,5.66E+08,566.0249492
3/30/2023,4.84E+08,483.9687311,0.260696314,26.0696314,8.61E+07,86.09767243,0.347067323,34.70673229,5.70E+08,570.0664036
3/31/2023,4.88E+08,488.3300419,0.260865412,26.08654116,8.74E+07,87.40741873,0.34509656,34.50965602,5.76E+08,575.7374607
4/1/2023,4.91E+08,491.3696729,0.261024255,26.10242546,8.88E+07,88.84453191,0.344861266,34.48612665,5.80E+08,580.2142048
4/2/2023,4.92E+08,491.6787325,0.258855496,25.88554958,8.88E+07,88.79044845,0.341799227,34.17992268,5.80E+08,580.469181
4/3/2023,4.92E+08,491.5321547,0.257208573,25.72085728,8.91E+07,89.11956716,0.33270875,33.27087502,5.81E+08,580.6517219
4/4/2023,4.94E+08,494.1377483,0.262282381,26.22823811,8.98E+07,89.78262437,0.333388012,33.33880118,5.84E+08,583.9203726
4/5/2023,4.98E+08,498.2457324,0.267623756,26.76237556,9.13E+07,91.26230697,0.188725682,18.87256823,5.90E+08,589.5080394
4/6/2023,5.00E+08,499.7473428,0.262911178,26.2911178,9.08E+07,90.75607256,0.18941428,18.94142802,5.91E+08,590.5034154
4/7/2023,5.00E+08,500.2517547,0.260287171,26.02871714,9.13E+07,91.30421231,0.18595045,18.59504495,5.92E+08,591.555967
4/8/2023,5.03E+08,502.5956231,0.259484026,25.94840261,9.00E+07,90.04231823,0.187045726,18.70457255,5.93E+08,592.6379413
4/9/2023,5.08E+08,508.0894068,0.254259403,25.42594034,8.96E+07,89.57038433,0.186214756,18.62147562,5.98E+08,597.6597911
4/10/2023,5.14E+08,513.8618355,0.254324597,25.43245973,9.02E+07,90.15653764,0.186950438,18.69504375,6.04E+08,604.0183731
4/11/2023,5.21E+08,520.8164101,0.256687625,25.66876245,9.11E+07,91.05132549,0.191587243,19.15872429,6.12E+08,611.8677356
4/12/2023,5.31E+08,530.6706534,0.215811653,21.58116525,9.06E+07,90.57935717,0.185217532,18.52175321,6.21E+08,621.2500106
4/13/2023,5.38E+08,537.7008544,0.221800502,22.18005023,9.10E+07,90.96854601,0.190759751,19.07597514,6.29E+08,628.6694004
4/14/2023,5.42E+08,541.9043645,0.234592035,23.45920355,9.31E+07,93.0993798,0.189628789,18.9628789,6.35E+08,635.0037443
4/15/2023,5.41E+08,541.2997293,0.234591129,23.45911289,9.33E+07,93.32666129,0.190854781,19.08547814,6.35E+08,634.6263906
4/16/2023,5.42E+08,541.5300786,0.234899633,23.48996325,9.35E+07,93.48577055,0.192039879,19.20398789,6.35E+08,635.0158491
4/17/2023,5.44E+08,544.1522459,0.232278835,23.22788349,9.33E+07,93.31025238,0.205203529,20.52035286,6.37E+08,637.4624983
4/18/2023,5.46E+08,545.5931615,0.232363868,23.23638684,9.35E+07,93.51722382,0.209429842,20.94298419,6.39E+08,639.1103853
4/19/2023,5.43E+08,542.5525026,0.1876258,18.76258003,9.28E+07,92.82694019,0.281114196,28.11141955,6.35E+08,635.3794428
4/20/2023,5.40E+08,540.4176049,0.1820182,18.20181998,9.24E+07,92.35681224,0.266571942,26.6571942,6.33E+08,632.7744171
4/21/2023,5.40E+08,539.587896,0.178222828,17.82228282,9.19E+07,91.87436313,0.25283601,25.28360097,6.31E+08,631.4622591
4/22/2023,5.37E+08,536.8532414,0.17502435,17.50243503,9.08E+07,90.79157005,0.245864387,24.58643874,6.28E+08,627.6448115
4/23/2023,5.38E+08,537.9935309,0.174865355,17.48653547,9.14E+07,91.42766713,0.242508078,24.25080781,6.29E+08,629.421198
4/24/2023,5.37E+08,537.1302829,0.173726951,17.37269514,9.09E+07,90.91756728,0.242544811,24.2544811,6.28E+08,628.0478502
4/25/2023,5.37E+08,536.7616469,0.172328243,17.23282434,9.07E+07,90.69841388,0.245792507,24.57925068,6.27E+08,627.4600608
4/26/2023,5.46E+08,546.0634191,0.243212679,24.32126794,9.29E+07,92.85570092,0.171938856,17.19388556,6.39E+08,638.9191201
4/27/2023,5.53E+08,553.1526487,0.240884946,24.08849455,9.27E+07,92.70480728,0.171498564,17.14985636,6.46E+08,645.857456
4/28/2023,5.58E+08,557.7759887,0.239202946,23.92029458,9.29E+07,92.89568755,0.171630929,17.16309293,6.51E+08,650.6716762
4/29/2023,5.60E+08,559.8610522,0.238201515,23.82015148,9.30E+07,92.98356271,0.171213726,17.12137263,6.53E+08,652.8446149
4/30/2023,5.61E+08,561.3634575,0.238003515,23.8003515,9.36E+07,93.62125249,0.168569254,16.85692537,6.55E+08,654.98471
5/1/2023,5.55E+08,554.8621878,0.232947406,23.29474064,9.19E+07,91.88495154,0.167015598,16.7015598,6.47E+08,646.7471393
5/2/2023,5.56E+08,556.2542209,0.232630772,23.2630772,9.15E+07,91.53138981,0.16547842,16.54784197,6.48E+08,647.7856107
5/3/2023,5.61E+08,560.9282155,0.214342791,21.43427909,9.19E+07,91.92782019,0.145009047,14.50090471,6.53E+08,652.8560357
5/4/2023,5.67E+08,566.5817532,0.215014922,21.50149222,9.20E+07,92.02096847,0.146981477,14.69814769,6.59E+08,658.6027217
5/5/2023,5.73E+08,572.7896521,0.217129116,21.71291158,9.37E+07,93.6666498,0.145272062,14.52720625,6.66E+08,666.4563019
5/6/2023,5.72E+08,572.2737302,0.217146212,21.71462121,9.23E+07,92.26289732,0.145756996,14.57569957,6.65E+08,664.5366275
5/7/2023,5.70E+08,570.2780415,0.21560056,21.56005598,9.18E+07,91.80739959,0.143891322,14.38913222,6.62E+08,662.0854411
5/8/2023,5.64E+08,564.1723285,0.211936902,21.19369022,9.06E+07,90.59357718,0.138303694,13.83036943,6.55E+08,654.7659057
5/9/2023,5.63E+08,562.811412,0.211000989,21.10009895,9.02E+07,90.16417458,0.135689341,13.5689341,6.53E+08,652.9755866
5/10/2023,5.61E+08,560.8973706,0.128097723,12.80977233,9.01E+07,90.06037161,0.085799462,8.57994621,6.51E+08,650.9577423
5/11/2023,5.57E+08,556.72235,0.126568128,12.65681282,8.89E+07,88.9384524,0.085711815,8.571181534,6.46E+08,645.6608024
5/12/2023,5.51E+08,550.8506784,0.125143182,12.51431825,8.75E+07,87.50719947,0.085495106,8.549510565,6.38E+08,638.3578778
5/13/2023,5.53E+08,553.0401191,0.126493249,12.6493249,8.77E+07,87.74656186,0.086005154,8.600515406,6.41E+08,640.7866809
5/14/2023,5.53E+08,553.3729097,0.126529054,12.65290539,8.77E+07,87.67658178,0.085657237,8.565723716,6.41E+08,641.0494915
5/15/2023,5.56E+08,556.4802588,0.127361923,12.73619231,8.81E+07,88.07314113,0.08654978,8.65497799,6.45E+08,644.5533999
5/16/2023,5.54E+08,553.8614965,0.127444123,12.74441232,8.76E+07,87.63648733,0.085413034,8.541303371,6.41E+08,641.4979838
5/17/2023,5.57E+08,557.1145559,0.104077226,10.40772262,8.71E+07,87.12896461,0.105670868,10.56708685,6.44E+08,644.2435205
5/18/2023,5.59E+08,559.0798835,0.10377781,10.37778096,8.66E+07,86.57074896,0.106229828,10.62298283,6.46E+08,645.6506324
5/19/2023,5.56E+08,556.1212338,0.104006849,10.40068489,8.62E+07,86.16303447,0.105084473,10.50844727,6.42E+08,642.2842683
5/20/2023,5.54E+08,554.0349898,0.104718514,10.47185137,8.62E+07,86.15974024,0.10451838,10.45183803,6.40E+08,640.19473
5/21/2023,5.53E+08,553.23827,0.104783511,10.47835114,8.61E+07,86.06426477,0.103823024,10.38230243,6.39E+08,639.3025348
5/22/2023,5.52E+08,552.0752349,0.104966607,10.49666068,8.60E+07,86.04027555,0.103911073,10.39110732,6.38E+08,638.1155105
5/23/2023,5.54E+08,554.2493781,0.106721386,10.6721386,8.65E+07,86.49018611,0.105049881,10.50498811,6.41E+08,640.7395642
5/24/2023,5.39E+08,538.6053566,0.05281427,5.281426982,8.43E+07,84.27231887,0.033077151,3.307715107,6.23E+08,622.8776755
5/25/2023,5.28E+08,528.3506622,0.053247926,5.324792648,8.18E+07,81.79928195,0.033636538,3.36365377,6.10E+08,610.1499441
5/26/2023,5.28E+08,528.2766938,0.054001715,5.400171536,8.11E+07,81.11120234,0.034060618,3.406061818,6.09E+08,609.3878961
5/27/2023,5.26E+08,526.3583175,0.054468303,5.446830334,8.02E+07,80.15524072,0.035015922,3.501592215,6.07E+08,606.5135582
5/28/2023,5.25E+08,524.9499892,0.055315192,5.531519198,8.00E+07,80.0032343,0.035671694,3.567169377,6.05E+08,604.9532235
5/29/2023,5.20E+08,520.249809,0.057240871,5.72408706,7.76E+07,77.5544418,0.036790712,3.679071226,5.98E+08,597.8042508
5/30/2023,5.17E+08,516.9334608,0.057732731,5.773273053,7.57E+07,75.65472206,0.037430993,3.743099297,5.93E+08,592.5881829
5/31/2023,5.12E+08,511.6354856,0.088687683,8.868768346,7.43E+07,74.34213249,0.117551147,11.75511475,5.86E+08,585.9776181
6/1/2023,5.08E+08,508.0432924,0.088903547,8.89035474,7.38E+07,73.82639016,0.118169815,11.81698153,5.82E+08,581.8696826
6/2/2023,5.08E+08,507.5398986,0.090186112,9.018611166,7.41E+07,74.12994304,0.11985031,11.985031,5.82E+08,581.6698417
6/3/2023,5.08E+08,507.5598163,0.090649147,9.064914715,7.43E+07,74.28173256,0.120793528,12.07935279,5.82E+08,581.8415489
6/4/2023,5.08E+08,507.7521529,0.090642932,9.064293242,7.43E+07,74.28906323,0.122519212,12.25192118,5.82E+08,582.0412161
6/5/2023,5.01E+08,500.6170813,0.089583704,8.958370384,7.34E+07,73.43466067,0.121755745,12.17557449,5.74E+08,574.051742
6/6/2023,4.93E+08,492.6699809,0.090253707,9.025370686,7.34E+07,73.39596103,0.119376785,11.93767849,5.66E+08,566.0659419
6/7/2023,4.79E+08,478.5186322,0.130498766,13.04987656,7.36E+07,73.6126407,0.074799322,7.479932206,5.52E+08,552.1312729
6/8/2023,4.76E+08,475.9819394,0.130013885,13.00138848,7.24E+07,72.35703876,0.07400001,7.400001028,5.48E+08,548.3389781
6/9/2023,4.76E+08,475.5070471,0.129890384,12.98903838,7.17E+07,71.7084082,0.074415529,7.441552879,5.47E+08,547.2154553
6/10/2023,4.62E+08,462.0774526,0.128078189,12.80781894,6.69E+07,66.87091506,0.067685351,6.768535118,5.29E+08,528.9483676
6/11/2023,4.60E+08,459.660922,0.127981066,12.79810664,6.63E+07,66.31738233,0.067363273,6.736327256,5.26E+08,525.9783043
6/12/2023,4.57E+08,457.1743993,0.127765065,12.77650649,6.63E+07,66.30305297,0.066371003,6.637100266,5.23E+08,523.4774523
6/13/2023,4.58E+08,458.3995809,0.127610522,12.76105221,6.65E+07,66.4561362,0.067606448,6.760644848,5.25E+08,524.8557171
6/14/2023,4.57E+08,456.7389713,0.103824913,10.3824913,6.61E+07,66.12563117,0.128940216,12.89402161,5.23E+08,522.8646025
6/15/2023,4.48E+08,447.8604054,0.100990232,10.09902324,6.53E+07,65.25673918,0.125492819,12.54928193,5.13E+08,513.1171445
6/16/2023,4.50E+08,450.1570732,0.102489307,10.2489307,6.59E+07,65.92318887,0.125832061,12.58320607,5.16E+08,516.0802621
6/17/2023,4.56E+08,456.092595,0.104188118,10.41881175,6.66E+07,66.59305713,0.126827604,12.68276044,5.23E+08,522.6856521
6/18/2023,4.57E+08,457.178515,0.103929652,10.39296516,6.66E+07,66.57129184,0.125184794,12.5184794,5.24E+08,523.7498068
6/19/2023,4.57E+08,456.6371396,0.103672058,10.36720576,6.66E+07,66.645973,0.123217471,12.32174706,5.23E+08,523.2831126
6/20/2023,4.73E+08,473.2131748,0.101123528,10.11235277,6.71E+07,67.05211203,0.124589277,12.45892774,5.40E+08,540.2652869
6/21/2023,4.98E+08,498.0143338,0.503510209,50.35102094,6.86E+07,68.64373061,0.164654941,16.46549411,5.67E+08,566.6580644
6/22/2023,5.12E+08,512.0309305,0.505860724,50.58607238,6.84E+07,68.3999964,0.171401446,17.14014459,5.80E+08,580.4309269
6/23/2023,5.21E+08,521.3189976,0.49451826,49.45182597,6.76E+07,67.62947697,0.173872109,17.3872109,5.89E+08,588.9484745
6/24/2023,5.29E+08,529.044052,0.487111062,48.71110624,6.79E+07,67.88197972,0.175457437,17.54574371,5.97E+08,596.9260318
6/25/2023,5.34E+08,534.133228,0.485948558,48.5948558,6.81E+07,68.10426564,0.179055048,17.90550475,6.02E+08,602.2374936
6/26/2023,5.33E+08,533.3548804,0.480238537,48.02385375,6.79E+07,67.89252146,0.178477438,17.84774385,6.01E+08,601.2474019
6/27/2023,5.36E+08,536.4366422,0.478611636,47.86116361,6.77E+07,67.73997099,0.178095502,17.80955024,6.04E+08,604.1766132
6/28/2023,5.30E+08,529.8964605,0.140479004,14.04790039,6.58E+07,65.75867877,0.14664825,14.66482495,5.96E+08,595.6551392
6/29/2023,5.23E+08,522.7496567,0.14195339,14.19533905,6.57E+07,65.6512147,0.144769793,14.47697928,5.88E+08,588.4008714
6/30/2023,5.06E+08,505.8638282,0.149802142,14.98021421,6.59E+07,65.90005927,0.148959022,14.89590219,5.72E+08,571.7638874
7/1/2023,5.08E+08,507.786158,0.151792952,15.17929523,6.58E+07,65.80412856,0.149186945,14.91869449,5.74E+08,573.5902866
7/2/2023,5.09E+08,509.1214066,0.151171162,15.11711623,6.59E+07,65.88212811,0.148968097,14.89680971,5.75E+08,575.0035347
7/3/2023,5.14E+08,513.6612312,0.152769105,15.27691055,6.61E+07,66.12584521,0.151495423,15.14954234,5.80E+08,579.7870764
7/4/2023,5.14E+08,514.2867869,0.152198277,15.21982769,6.63E+07,66.31707859,0.150760998,15.07609982,5.81E+08,580.6038655
7/5/2023,5.10E+08,509.5901311,0.106284663,10.62846632,6.59E+07,65.93330961,0.100289394,10.02893942,5.76E+08,575.5234408
7/6/2023,5.08E+08,507.515209,0.105720444,10.57204442,6.57E+07,65.74662515,0.099461506,9.946150584,5.73E+08,573.2618341
7/7/2023,5.02E+08,501.8233868,0.104538136,10.45381357,6.51E+07,65.11690013,0.099777732,9.977773191,5.67E+08,566.9402869
7/8/2023,5.02E+08,502.2470103,0.104461171,10.44611708,6.55E+07,65.49786932,0.106294314,10.62943136,5.68E+08,567.7448796
7/9/2023,5.03E+08,503.219415,0.104610087,10.46100866,6.61E+07,66.06073223,0.108434439,10.84344393,5.69E+08,569.2801472
7/10/2023,5.03E+08,502.847435,0.10466957,10.46695696,6.59E+07,65.86805471,0.10446675,10.44667498,5.69E+08,568.7154897
7/11/2023,5.03E+08,502.9770882,0.105062978,10.50629782,6.56E+07,65.59698515,0.105303572,10.53035717,5.69E+08,568.5740733
7/12/2023,5.03E+08,503.470303,0.075636547,7.563654734,6.54E+07,65.44521617,0.112980842,11.29808424,5.69E+08,568.9155192
7/13/2023,5.04E+08,504.4019967,0.076608182,7.660818184,6.56E+07,65.62885356,0.114584343,11.45843429,5.70E+08,570.0308503
7/14/2023,5.03E+08,503.3699226,0.079572808,7.957280819,6.75E+07,67.54258726,0.124401378,12.44013781,5.71E+08,570.9125098
7/15/2023,4.97E+08,497.1638063,0.078695051,7.869505129,6.81E+07,68.05981408,0.12268575,12.26857503,5.65E+08,565.2236203
7/16/2023,4.97E+08,496.5664674,0.078717315,7.871731524,6.79E+07,67.92240332,0.120874418,12.08744181,5.64E+08,564.4888707
7/17/2023,4.94E+08,494.0141137,0.078412319,7.84123189,6.78E+07,67.83796189,0.118691112,11.8691112,5.62E+08,561.8520756
7/18/2023,4.91E+08,491.2589189,0.078233419,7.823341931,6.78E+07,67.76385727,0.116412068,11.64120681,5.59E+08,559.0227762
7/19/2023,4.91E+08,491.4624357,0.125293396,12.52933957,6.80E+07,67.97908224,0.106560494,10.65604935,5.59E+08,559.4415179
7/20/2023,4.92E+08,491.7413694,0.124867796,12.48677962,6.84E+07,68.38314304,0.106309517,10.63095168,5.60E+08,560.1245124
7/21/2023,4.91E+08,491.3183689,0.124442008,12.44420081,6.84E+07,68.40043689,0.105424232,10.54242318,5.60E+08,559.7188058
7/22/2023,4.94E+08,493.8383971,0.123595378,12.35953783,6.83E+07,68.34779856,0.104624303,10.46243028,5.62E+08,562.1861957
7/23/2023,4.93E+08,493.4800736,0.122957451,12.29574513,6.86E+07,68.5702331,0.102482588,10.24825879,5.62E+08,562.0503067
7/24/2023,4.89E+08,488.8238493,0.12282757,12.28275701,6.82E+07,68.21027237,0.100153202,10.0153202,5.57E+08,557.0341216
7/25/2023,4.86E+08,486.0527958,0.123294376,12.32943762,6.80E+07,67.9872923,0.10085463,10.08546297,5.54E+08,554.0400882
7/26/2023,4.89E+08,489.0447089,0.074920921,7.492092085,6.81E+07,68.14509256,0.082095518,8.209551836,5.57E+08,557.1898014
7/27/2023,4.91E+08,490.7866824,0.075030718,7.50307178,6.86E+07,68.61450798,0.081515085,8.151508545,5.59E+08,559.4011904
7/28/2023,4.91E+08,491.0833541,0.074877934,7.487793435,6.86E+07,68.55119227,0.081067209,8.106720905,5.60E+08,559.6345464
7/29/2023,4.92E+08,492.141681,0.075043978,7.504397777,6.82E+07,68.22129772,0.081929728,8.192972828,5.60E+08,560.3629787
7/30/2023,4.92E+08,491.6174596,0.075119209,7.511920922,6.83E+07,68.34321092,0.081953354,8.195335359,5.60E+08,559.9606705
7/31/2023,4.84E+08,484.197863,0.075797563,7.579756314,6.81E+07,68.06361623,0.080853261,8.085326147,5.52E+08,552.2614792
8/1/2023,4.76E+08,476.2191828,0.075996295,7.599629484,6.72E+07,67.19081606,0.079862259,7.98622589,5.43E+08,543.4099989
8/2/2023,4.77E+08,476.5044392,0.056317764,5.631776422,6.70E+07,67.03248254,0.056177644,5.6177644,5.44E+08,543.5369218
8/3/2023,4.72E+08,471.8332976,0.056469218,5.646921818,6.62E+07,66.24433041,0.056050392,5.605039177,5.38E+08,538.077628
8/4/2023,4.66E+08,465.9446801,0.057079489,5.70794893,6.60E+07,65.98940592,0.056105961,5.610596139,5.32E+08,531.934086
8/5/2023,4.59E+08,458.7863788,0.057892903,5.789290286,6.55E+07,65.49966369,0.056010667,5.601066657,5.24E+08,524.2860425
8/6/2023,4.56E+08,456.0417141,0.058281208,5.828120787,6.43E+07,64.30810173,0.058114946,5.811494581,5.20E+08,520.3498158
8/7/2023,4.53E+08,453.3400341,0.058514309,5.851430918,6.38E+07,63.849264,0.058489494,5.848949407,5.17E+08,517.1892981
8/8/2023,4.50E+08,450.3128701,0.059227135,5.922713501,6.32E+07,63.15869593,0.058990687,5.899068675,5.13E+08,513.471566
8/9/2023,4.50E+08,450.127133,0.055724218,5.572421768,6.15E+07,61.49411569,0.069899828,6.989982775,5.12E+08,511.6212487
8/10/2023,4.42E+08,442.4388149,0.056567637,5.65676373,6.17E+07,61.69998512,0.069082357,6.90823574,5.04E+08,504.1388
8/11/2023,4.37E+08,436.6089437,0.057198791,5.719879074,6.14E+07,61.40513191,0.068964807,6.896480651,4.98E+08,498.0140756
8/12/2023,4.35E+08,434.6594789,0.057505323,5.750532301,6.13E+07,61.29311509,0.069076407,6.907640682,4.96E+08,495.952594
