Date,Swap,Margin trading,Mint GLP,Burn GLP,Liquidation,Cumulative
2021-08-31,0.3993207221839756,0.15325632895652436,0.11830379472938438,0.20615987874980843,0,0.8770407246196927
2021-09-01,866.3653394617692,101.84884535822437,4843.226666922876,0.033712636391344905,0,5812.35160510388
2021-09-02,854.0027615327112,741.7088591291415,1610.5277870404552,134.26496535795602,0,9152.855978164143
2021-09-03,1388.2413627509193,3127.2668508010174,22.38040372064842,0,0,13690.744595436729
2021-09-04,219.02473282881212,768.7568205922685,82.88375927662874,0,0,14761.409908134438
2021-09-05,277.12100064516943,784.1033674394979,106.08863660238313,0,0,15928.722912821488
2021-09-06,1349.3862077390515,3838.8124319445947,1151.8772636885647,0,0,22268.7988161937
2021-09-07,1761.144153580532,20100.502349641236,247.40079211494967,2.908434458608491,37.011879818433954,44417.76642580746
2021-09-08,1300.953484685061,27040.592004490096,356.28790034659164,0,0,73115.59981532922
2021-09-09,962.626485685162,3250.907801441334,728.5058796941137,63.255236787923096,0,78120.89521893775
2021-09-10,2727.0653955995954,5269.767600213821,627.193706036364,138.1985073316572,1.4936670789475102,86884.61409519814
2021-09-11,5614.512789381819,3021.007293867584,11205.137498931887,180.28142722916812,0,106905.5531046086
2021-09-12,7784.362031910867,11660.5046654141,7554.345532876458,0,9.645191229883494,133914.4105260399
2021-09-13,5108.4764965919685,11641.213574512294,5340.168901330106,0,2.882167079258579,156007.1516655535
2021-09-14,4223.257046016759,7410.720191916319,6489.227618149719,0.28081484818915253,0,174130.6373364845
2021-09-15,9937.026637708774,10463.040458609106,4883.512127405019,260.19075538838905,2.9205107049092476,199677.3278263007
2021-09-16,9217.219166477267,13251.960457126108,7957.543261443252,3027.172964625294,0.21267481145696365,233131.43635078406
2021-09-17,6695.541355787452,16550.377386543772,8383.103028007,370.93951085518444,1.3208073578607582,265132.71843933535
2021-09-18,8971.659017588649,19261.260991970357,3277.8193533076274,1195.1584550124219,3.1678072376817,297841.7840644521
2021-09-19,3576.4359936215333,36397.75878525273,7526.301629879317,1334.824752607911,0,346677.1052258136
2021-09-20,21101.256699788206,81631.59365771343,5671.650860008476,4185.894250997382,94.61324323277222,459362.11393755383
2021-09-21,23260.701787804977,79008.54610191636,2974.7380693981695,2162.9183587690036,2114.9153841888183,568883.9336396311
2021-09-22,42969.47703742967,46173.151834058306,1888.7704698892992,54.95399173491818,1234.269147230305,661204.5561199737
2021-09-23,12273.896591868715,11234.685992053835,2729.0229187232853,1443.5253741163122,0,688885.6869967357
2021-09-24,14074.607133205005,47037.10350070852,467.46028921908453,1143.7440655987723,2.2318789142009337,751610.8338643813
2021-09-25,6029.089456706803,27210.722345124686,527.8036296821322,0,0,785378.4492958949
2021-09-26,22529.391977842333,22222.866075150825,1499.5082886109708,80.13600836688622,0.9917178558353044,831711.3433637219
2021-09-27,12863.966159387886,23312.00303022367,3339.639151845691,1720.9323189790844,0.5923702051513828,872948.4763943633
2021-09-28,41097.80832548961,25466.060504566783,7475.207930987727,2300.8462797753245,2.9142114376081736,949291.3136466204
2021-09-29,10288.586632438306,39422.05731896796,1676.26566482238,385.45444897699247,3.2806625739467563,1001066.9583743999
2021-09-30,8830.378929071987,18466.50140699872,711.3994867664725,339.81909860585864,0,1029415.0572958429
2021-10-01,22111.47307085785,27201.5653809645,1801.9106373670188,1656.6829813002864,0.6717060718074208,1082187.3610724043
2021-10-02,11098.641875878027,16522.947297407205,4557.393886064117,73.01200877934212,5.7107115264334425,1114445.0668520594
2021-10-03,7771.522205099593,12350.669441196602,1954.1882444746307,84.76875601843908,0,1136606.2154988488
2021-10-04,12520.923795409504,41607.38413832104,806.0005712836755,306.3858880895237,0.06277809934545076,1191846.972670052
2021-10-05,15022.236080704915,25827.85512440269,1442.785063746092,5.412654692074493,8.828461219265591,1234154.090054817
2021-10-06,38296.95401216645,30844.919299594927,298.07671958347737,27.202204957362042,7.084441102477285,1303628.3267322218
2021-10-07,19491.340776011013,27297.04703434347,823.2750223295632,37.95564957869563,0.5999999999985448,1351278.5452144844
2021-10-08,15192.307417374115,14716.556806165907,166.62816727187277,758.3882343682625,0.15955753912385262,1382112.5853972037
2021-10-09,8863.07530387537,11946.177357650038,180.73738376108662,1.6944824545358037,0,1403104.2699249447
2021-10-10,16507.841485883233,35461.58757762173,581.3268343697397,100.50606848170318,0,1455755.531891301
2021-10-11,22362.546063099508,38894.26729247365,110.325886549577,34.625798635654895,0.8565212643734412,1517158.1534533238
2021-10-12,15434.394374606485,34233.46841801451,1545.908496698545,964.042742120691,0,1569335.967484764
2021-10-13,18821.551192786865,22957.767030614647,467.897293167718,60.07230483127174,0,1611643.2553061645
2021-10-14,31966.77634270154,50770.04438508609,208.04645874475483,37.63543239923868,249.37354534647602,1694875.1314704425
2021-10-15,14812.19734972012,66083.15191983953,267.50235786641787,600.7910850818159,0.39900899132771883,1776639.1731919418
2021-10-16,14056.636652709687,21991.036216949495,300.5539244760582,390.76468480623373,16.17379996694217,1813394.3384708501
2021-10-17,13885.596206747512,100088.57244903505,69.09207311764894,69.11574389049916,2.7713147426838987,1927509.4862583836
2021-10-18,14309.347595803034,58689.33274811156,75.53365278909999,79.01910478848069,611.9040888880118,2001274.6234487637
2021-10-19,11499.207325906193,46492.18891867041,171.03362290579997,362.86003221299364,0,2059799.9133484592
2021-10-20,11857.488031172654,108606.59153427501,669.5675686871144,2.0514928330207356,5.59189436250017,2180941.2038697894
2021-10-21,49058.733185651305,114380.88736448162,60195.825486095775,0.2907468009622381,24.590884453224135,2404601.531537272
2021-10-22,10800.65823732677,72981.34329792277,5082.7211621662,18.468746998428106,426.48644992946356,2493911.2094316157
2021-10-23,12291.751174833485,31666.207274892135,3278.341189688554,64.54960000000015,0,2541212.0586710298
2021-10-24,7392.127699362392,46105.23451617909,576.1531211046469,17.5896423692895,1607.2365232281518,2596910.4001732734
2021-10-25,14799.309571285046,57167.87660396451,33.91490417973102,0,53756.97345785558,2722668.474710558
2021-10-26,18501.840185955876,57727.19304393221,1566.6324577938474,361.7025494592613,1202.503423194874,2802028.346370894
2021-10-27,28720.020681980135,143832.66370542592,2140.993172420021,118.05163850797952,692.397377418034,2977532.472946646
2021-10-28,34506.25668618151,59399.560223204746,1670.7578351783047,0,1623.159278141262,3074732.206969352
2021-10-29,10562.703742084797,86039.50823463495,400.2237529941251,0,44.13086608669255,3171778.7735651527
2021-10-30,2517.952305928557,78790.88899329896,3544.964856992721,0,0,3256632.579721373
2021-10-31,5921.5835485261805,65408.782060497826,1000.5142522249571,0,0,3328963.459582622
2021-11-01,7741.412887345649,70503.47883889677,2485.025894516548,0,1424.7702918658906,3411118.147495247
2021-11-02,33301.460232992256,133962.84756107014,1930.2192486040565,301.54110535287305,35.01088948023971,3580649.2265327466
2021-11-03,15961.874107984944,84478.05991279933,662.8705575989525,20.612947811553415,1084.718372497955,3682857.362431439
2021-11-04,7171.887256351991,176695.49019195835,2297.0554715221538,53.663710834296715,462.3608948269102,3869537.8199569327
2021-11-05,7893.09297696035,82203.67934218096,474.2172757408143,0,258.64239920000546,3960367.451951015
2021-11-06,7447.814556845234,169901.09852813196,3319.119169695197,13.74986006626854,2342.259020180878,4143391.4930859343
2021-11-07,13750.098714694323,114224.20514057021,2606.0420968888993,136.06803401648781,0,4274107.9070721045
2021-11-08,21445.931472815722,173975.87977360233,6991.028988000923,258.76272174911867,114.48307685891632,4476893.993105131
2021-11-09,11801.296027651377,65342.246765386335,1058.7856940245317,1.1190704497641049,317.1505740277862,4555414.591236671
2021-11-10,24793.739065569996,167714.8248326309,859.1601054298696,2527.5581206768097,3232.676381627156,4754542.5497426065
2021-11-11,12344.659965192384,58825.67794963329,1625.5282960238073,487.23062185269515,0,4827825.646575308
2021-11-12,9040.1507905648,320011.1425418938,3616.5957857239828,1483.6771988832545,2577.732439418731,5164554.945331793
2021-11-13,3799.731132739027,34298.269185588695,466.7347829409779,1533.946438810974,0,5204653.626871873
2021-11-14,4464.918505072837,153678.4150738701,1049.9854426336217,1.437489846478945,84.02788748519379,5363932.4112707805
2021-11-15,7494.432370437416,129652.70289938703,737.220740738262,110.00745876694472,25.954687248100527,5501952.729427358
2021-11-16,12512.83202583561,292144.30068126094,265.64710014202007,252.21057414954177,29505.016203228035,5836632.7360119745
2021-11-17,13658.50516920043,64518.58150495438,1005.1423901507474,5.140181165953429,917.4314987414764,5916737.536756188
2021-11-18,40082.736193502256,118600.6050105201,215.79911332484718,23.415237938775192,16713.259285887398,6092373.351597361
2021-11-19,18035.70695632768,28921.104065272004,3616.1817762451055,1.751754701319503,26.912566928363958,6142975.008716836
2021-11-20,21485.509155490407,65559.18060900409,389.9479421141967,0.6472181344099496,52.08180882995657,6230462.375450409
2021-11-21,10251.694647291812,33069.75104942143,1533.0222074082153,1.1362713085983822,0,6275317.979625839
2021-11-22,11223.834304320446,70426.60249583426,387.45595832912863,43.58587167540284,501.8109427179588,6357901.269198716
2021-11-23,29274.209768729183,67789.26846827033,1217.014575714592,433.454156130173,63.776356451489846,6456678.992524011
2021-11-24,8878.638733573844,103857.62097827878,524.6636097160404,311.56786169530966,764.2573652972496,6571015.741072572
2021-11-25,19742.603419165316,119380.69400392497,803.1659521795239,735.4816160220224,267.58458491857164,6711945.270648782
2021-11-26,26841.77078494204,204735.71677164774,671.6132920675524,626.8357573986736,4493.799726689846,6949315.006981528
2021-11-27,5257.824565920472,76482.27748716094,5841.8150171133775,5.07102065989334,1055.3172105401027,7037957.312282924
2021-11-28,8855.157852652417,83728.23908124138,74.01728100418579,10.46859925419567,9.529747117558145,7130634.724844193
2021-11-29,12174.081372555991,112338.43857991857,344.4538035801063,400.22199266862276,41.10253445802664,7255933.023127374
2021-11-30,29703.337024618784,118867.59490285914,748.8966739187775,518.8727781100944,28.280457632921753,7405800.004964514
2021-12-01,19089.238112765524,133743.4070773679,604.4918926232036,92.67570794169174,2.732176809950033,7559332.549932022
2021-12-02,10006.674297826845,165920.97921575262,566.520296644568,14.198288071921853,154.89560474999598,7735995.817635068
2021-12-03,15405.899651156004,254872.4636031596,616.5683327646753,48.39215659918548,15124.727013184107,8022063.868391931
2021-12-04,44406.87893044629,188559.15828452734,969.9568904092009,5513.396503165395,85769.30756167587,8347282.566562155
2021-12-05,12722.91116011741,57706.49187764126,1600.4921822582285,0,36.40809704271669,8419348.869879214
2021-12-06,21394.44033592596,51062.226277903406,4148.295615524396,12.279416595898102,11988.303316370031,8507954.414841535
2021-12-07,14618.028831700862,49848.8469616974,1339.7602805952054,736.3625368666976,0.3230547148632468,8574497.73650711
2021-12-08,72986.08728958556,52151.824690293375,1179.2529285897788,7.620284602441763,0.8102710666353232,8700823.331971249
2021-12-09,7298.901243512561,85771.37165521705,224.26859450241585,183.9809808157696,4.880893121531699,8794306.735338418
2021-12-10,12286.59399325399,74955.42788243662,1841.5361768444136,1073.0049226156734,426.23215075534245,8884889.530464323
2021-12-11,12578.94760807291,44470.81162225238,651.8870974531761,182.9956488798895,380.47519954884774,8943154.64764053
2021-12-12,7831.981341993806,74517.65170096642,411.1445925423562,299.8127855158134,161.18349408636277,9026376.421555635
2021-12-13,18509.457158253215,145375.8697667077,1131.7038438441189,733.6383456807954,3900.5098054119735,9196027.600475533
2021-12-14,10677.798130601674,80549.6340101428,1280.6960972335803,166.88326863055767,64.12415240475093,9288766.736134546
2021-12-15,19900.8109734263,123063.2753590026,1880.112597393271,74.32720749640664,2486.0493628179393,9436171.311634682
2021-12-16,6483.6063712978685,84660.79230341275,400.2415842292673,179.04185334464694,155.21708407417464,9528050.21083104
2021-12-17,10324.931598685784,112322.48261612888,232.02384395172166,128.43754663994554,395.4424871927913,9651453.52892364
2021-12-18,10804.919647539627,66849.70545355766,54.81932578654104,14.225837344855135,82.8712796401669,9729260.07046751
2021-12-19,7813.189827201667,66982.82985499792,24.186119293779395,18.922555424212067,73.4875290083146,9804172.686353436
2021-12-20,9067.954354588732,102060.2545639893,282.8553834334781,149.6571388812407,279.39719725634495,9916012.804991584
2021-12-21,6394.502815707348,49532.21531263499,54.78333792085314,583.9721222237625,2219.9148000783825,9974798.19338015
2021-12-22,4488.2893749115,67338.1976587018,455.70917457421444,29.077070527120338,320.9154202777863,10047430.382079141
2021-12-23,7293.246591877112,139511.84639664268,55.77258032408831,919.9974219689972,475.1288314850244,10195686.37390144
2021-12-24,5364.546547110072,55953.104142382865,22.877090352774964,111.7588006578355,179.32029645633156,10257317.9807784
2021-12-25,3412.9009121290505,37186.174075204166,51.69169222951073,36.22813388189242,13.68185877790529,10298018.657450622
2021-12-26,4115.889857013058,42265.74122714431,402.8865455047113,9.38400890464546,127.47962456121604,10344940.03871375
2021-12-27,4244.546624397691,63168.99464334067,104.58372972145415,604.0501041411969,675.9020190520314,10413738.115834402
2021-12-28,9722.040391869552,187862.73665847693,77.00396701984262,126.43906318813245,2162.202148665063,10613688.538063621
2021-12-29,9157.189503070347,126635.06213653348,4.997920389918479,15.528807990022528,34881.38426191259,10784382.700693518
2021-12-30,5389.889264177754,48662.71135476089,10.263373158339999,4.8272590002413,5666.432827680685,10844116.824772296
2021-12-31,7693.347293115095,93969.75688748932,7.500517031699999,7.363866975490942,66.75482048492995,10945861.548157394
2022-01-01,3703.7977881206084,64885.90019562376,0,196.46772937305406,373.10893502206454,11015020.822805533
2022-01-02,4744.574217482399,53993.92486970274,124.25991163383921,22.307469649660824,222.80814718167676,11074128.697421184
2022-01-03,15320.566336818922,251793.4151219943,0,7.789922364775225,255.13253961628652,11341505.601341978
2022-01-04,11336.906723433285,195355.18001498262,9.75198,118.72988877555882,149.14390336742508,11548475.313852537
2022-01-05,37036.955788792744,469664.416912949,1112.300980817499,2749.038760796462,24643.27974284644,12083681.30603874
2022-01-06,18875.080448087305,235440.93509060392,2864.424040118588,3352.024982514178,11556.08026749437,12355769.850867558
2022-01-07,25605.811460384233,339062.1732170188,1238.2531211633025,659.2386745946543,21066.419732288457,12743401.747073008
2022-01-08,21563.364343448273,216484.43105447758,2911.37184420163,1285.8344701601711,4467.889848421008,12990114.638633717
2022-01-09,5908.889724294235,65454.5262923582,1052.5136962459665,19.068725992104994,465.35439870515984,13063014.991471313
2022-01-10,14175.965479347826,226078.9371455277,3933.4983451009243,576.623971798669,5056.801845673646,13312836.818258762
2022-01-11,9608.637809601325,252738.10698028796,3318.794611504474,1143.4575816883305,528.0159877958358,13580173.83122964
2022-01-12,20490.953384267763,195271.43750970386,3648.870670066034,43.11930189008392,4581.08498904368,13804209.29708461
2022-01-13,9079.978076201322,140023.64763172736,4213.944992806326,710.3786016669135,440.2188790363725,13958677.465266049
2022-01-14,11521.599091771282,142283.6414685311,4259.606572678987,604.9131876702451,748.9144600083237,14118096.140046708
2022-01-15,8044.089961199419,175317.5825854208,7651.442810582068,70.19121685528864,0,14309179.446620766
2022-01-16,9142.712553132056,125211.52042683553,5969.045037019734,3402.9669211822948,3264.302083912873,14456169.993642848
2022-01-17,13401.172901155798,242629.5836626829,4300.440685043944,747.5190338834594,202.78932032582816,14717451.49924594
2022-01-18,20231.154101025542,275308.99229306093,3776.952216612513,1947.9901654723424,1380.6678649209207,15020097.255887032
2022-01-19,15126.116816866373,144532.32379028623,3127.835343811198,821.6281832096395,3167.4063263962744,15186872.5663476
2022-01-20,21375.671708857248,255749.72504644757,3174.1147686338236,3473.512655885941,1118.1456700257258,15471763.736197451
2022-01-21,86760.55146634609,488604.3126935825,4324.301079045472,7776.093679610875,33841.23003898363,16093070.22515502
2022-01-22,66822.50492138889,247631.72847183974,3622.9656245535434,4326.116743132473,3883.5269013289653,16419357.067817263
2022-01-23,31938.104729074348,134322.85364669544,4160.973431451998,1073.4971655603167,225.04232123479596,16591077.53911128
2022-01-24,65933.26396172226,281689.5669786187,5712.502023446983,3349.0716723503915,21652.177254147246,16969414.121001568
2022-01-25,50104.41155859698,212973.23999218942,2241.9366291537212,483.66985521750127,195.28995727107394,17235412.668993995
2022-01-26,80822.01899040717,194925.83109751903,14109.370649298602,3644.105828807109,5736.432936449826,17534650.428496476
2022-01-27,46645.08653406926,129310.06467377694,6773.427468288821,1743.0041435756057,672.4947836904757,17719794.506099876
2022-01-28,23307.998769786514,142238.37576332618,4577.665073582662,2968.0422743967397,336.1711000140349,17893222.759080984
2022-01-29,19972.636480552115,97114.18304874832,8217.519301801973,616.1645352505288,22.775028104530065,18019166.03747544
2022-01-30,24379.039958114594,55818.025814032226,5290.434366208192,554.1560179924248,19.588754952623276,18105227.282386743
2022-01-31,14833.812211621374,147898.75123333506,6786.523272830952,155.20653686686833,808.7234984358947,18275710.29913983
2022-02-01,16692.953180977565,100242.90574167889,5362.1162240964695,4726.466001152092,1389.0832293589192,18404123.823517095
2022-02-02,38234.632924911326,130248.66938556277,6129.062721578286,843.3991089637555,553.4072920600738,18580132.99495017
2022-02-03,10930.386498926502,93543.40729925025,2009.8444064968924,4831.895096354547,563.8268549693021,18692012.355106167
2022-02-04,28671.205087256683,161357.68570173974,3300.3083703628254,317.6728217009618,1481.4799637411488,18887140.707050968
2022-02-05,12305.786250890442,118199.72779115973,2516.2774657758505,828.8198058128993,741.4822550787067,19021732.800619684
2022-02-06,12067.000888192233,75878.02585505802,2638.9158055835874,1015.6778461140547,476.66700554698764,19113809.08802018
2022-02-07,13696.184957080412,300586.08843779156,7135.118524868466,3159.3223590220045,401.8943686026032,19438787.696667545
2022-02-08,11097.643668609775,120278.85765414928,12276.639452174122,1064.8865669022957,397.75895794513053,19583903.482967325
2022-02-09,13098.790333394873,90342.84069738933,9987.197997879246,1476.1725378421397,390.7382650901418,19699199.22279892
2022-02-10,25684.140702142962,236385.32722078316,13747.423942055306,3353.817476058904,724.1207770572219,19979094.05291702
2022-02-11,31931.263034594638,224856.2822393161,5434.097206062507,6249.799591255291,126.34581506476388,20247691.84080331
2022-02-12,12990.582892831077,136955.31126240696,4089.127857079218,7017.631858202284,106.55402020097245,20408851.04869403
2022-02-13,8583.32171478244,133308.33512571274,5847.956637769721,1272.8566374262966,12.28576296765823,20557875.804572687
2022-02-14,12215.732303219758,102686.14438160956,8822.89689340075,3543.2100058331876,456.25658054581436,20685600.044737294
2022-02-15,10383.003947921568,62758.28304333551,5421.894706676451,9662.796332977696,628.5885971748794,20774454.61136538
2022-02-16,8595.257036392051,64206.020904318226,1751.7828432223932,332.74453065031463,84.44624422390916,20849424.86292419
2022-02-17,15964.970694620977,14372.38426666651,5179.131256707745,794.4451356845124,62.13491136177072,20885797.92918923
2022-02-18,8211.780139475188,30763.60220779073,2676.6129997737744,2076.121386691571,3.8494011037473683,20929529.895324066
2022-02-19,7470.68993760464,29659.010843886437,4969.3901154734485,2610.2084399221217,59.10548060803194,20974298.30014156
2022-02-20,9364.715432898958,95542.50268660938,2847.5628076931366,8648.653893870167,5885.723457495158,21096587.458420128
2022-02-21,19084.358542210764,61880.176296367026,4288.795501630182,3527.1401336105923,1515.5502454781454,21186883.479139425
2022-02-22,17035.82291442841,105321.21509173352,3122.251576593761,7014.245674245441,128.49098706338555,21319505.505383488
2022-02-23,10540.495867608859,74699.69395991928,3221.864817756882,6603.239568414974,229.65988502315304,21414800.45948221
2022-02-24,52343.90755316465,585783.5378465474,6950.316263311422,5569.4298011754245,25755.781563553144,22091203.432509962
2022-02-25,15356.035574792348,187206.15560382896,5819.842315472489,656.802425910251,109.23645649643731,22300351.504886463
2022-02-26,8131.7000128764175,154942.86355622223,1696.5284310649765,699.9839394129518,57.84228852757951,22465880.423114568
2022-02-27,19631.729147155213,200987.01796581544,1202.9346539378719,718.3000938347399,38.2793632337125,22688458.684338544
2022-02-28,19060.686682130297,297548.43859944795,1572.1271041762498,1272.3176498446155,829.478248075291,23008741.732622217
2022-03-01,19130.8242300763,222055.35601224893,1134.825936257434,2416.5340564049966,345.1787889995612,23253824.451646205
2022-03-02,18044.82023941466,335778.2834941046,1185.0194905662438,203.99968481229794,9100.451752526627,23618137.026307628
2022-03-03,12900.543397420026,441651.69633458107,7990.196133394424,496.60170411605077,190.60480485268636,24081366.66868199
2022-03-04,33946.51059777254,246367.00728983682,8934.522853836897,3171.739872106745,35.548926767427474,24373821.99822231
2022-03-05,10763.105284750909,63828.929277150404,5208.124331218306,519.7513856492028,0,24454141.908501077
2022-03-06,22662.906049768044,400632.56109386554,1386.4945215095302,274.92315256192654,15.253499015117995,24879114.0468178
2022-03-07,10500.507448157605,267608.84054388263,2991.757865355155,1237.7337220032116,6463.805414825969,25167916.691812024
2022-03-08,13467.491918242977,216202.75364716348,2033.634851714922,314.3933608162403,2227.1616986578447,25402162.127288617
2022-03-09,22186.248638864163,226154.34880686714,9681.449374049902,1268.3922968686652,21.626179952087114,25661474.19258522
2022-03-10,19475.672549940544,314638.3088459628,12992.569889082111,824.806736291455,3.9884374623652548,26009409.53904396
2022-03-11,9878.28998723684,228906.65395669415,14197.890202237042,1314.4248956278627,40.53342866737512,26263747.33151442
2022-03-12,1087.5351770787088,37461.39024086744,7104.609394208774,1486.1653731010686,92.53780649747205,26310979.569506176
2022-03-13,7533.510347820167,51529.66611774711,3572.569533250236,347.105503102741,149.71207720058737,26374112.133085296
2022-03-14,12163.713268170812,45462.69119659348,11590.292865663301,1765.1305210664086,2.827436781983124,26445096.78837357
2022-03-15,5761.718323384397,33057.82174040451,14271.290249944785,352.9518753726715,4214.563353124198,26502755.1339158
2022-03-16,25765.826983013405,185171.78296505785,3565.2515444908117,3236.8603391485244,195.49680577905383,26720690.35255329
2022-03-17,4398.549779003011,41393.75759522787,3189.0327552333342,4483.645464386688,0,26774155.33814714
2022-03-18,18818.27193845494,181585.89951528085,3051.481208152989,11591.836771807197,13.177436559111811,26989216.005017396
2022-03-19,10612.859106978829,84198.64387321757,2707.35903098765,2848.314089037338,4.3849234673252795,27089587.566041086
2022-03-20,4564.622240522205,57258.04545863477,350.9642921272528,1082.018754703489,1253.297609707115,27154096.51439678
2022-03-21,12541.413923995548,111105.09287127192,1299.415363204533,1454.1972164814192,35.950848278720514,27280532.58462001
2022-03-22,17162.952919826606,512158.89641491155,7038.488302198826,1302.6917306561234,58877.19763944979,27877072.811627053
2022-03-23,11231.481751208896,234290.21897491647,13524.203029947783,9891.57682626382,1488.9488127912045,28147499.24102218
2022-03-24,7740.500139415344,266020.54738297727,2565.7581328878086,4350.476958798566,15.724418578785844,28428192.24805484
2022-03-25,7390.622866574014,165842.60707140603,5334.764870708669,11531.603578386806,788.7345600207627,28619080.581001937
2022-03-26,1541.9811219950511,102299.83060359715,1111.1080078262155,466.34089003283736,87.6138767588709,28724587.45550215
2022-03-27,11609.948992320325,202593.3826531558,2097.0942244901344,2640.7520483086478,3990.4394655931683,28947519.072886016
2022-03-28,12021.200197155518,160805.06020016538,8684.443288061855,3246.4646551704486,2395.7491023640323,29134671.990328934
2022-03-29,15612.580393839162,163838.6274002623,3094.5131908684375,3886.022015887374,224.72541306124185,29321328.458742853
2022-03-30,6616.952844578072,109568.267449998,3346.9847227762434,4628.439186410891,60.15821297178627,29445549.261159588
2022-03-31,25756.359995342867,264332.49862042,6043.017963891298,1506.4816089701512,584.6793816477875,29743772.29872986
2022-04-01,31170.33098314564,274710.52669484186,3477.3218174535823,3357.170322878317,1594.748872094322,30058082.397420272
2022-04-02,14385.725035115896,236692.74273486098,3797.975367133097,1267.5887576780253,232.18948312386055,30314458.618798185
2022-04-03,9733.284918335341,220190.19333616336,4184.9151385881105,1292.3127559430932,14.221418285596883,30549873.5463655
2022-04-04,14884.596740015255,377415.15023928304,1461.5229255637985,1496.6357992171415,10320.938511682325,30955452.39058126
2022-04-05,9440.451307483889,205507.2069728936,8908.25025650784,6485.509862830313,213.8639190424292,31186007.67290002
2022-04-06,32748.096608659653,215340.15253170847,7551.066993246211,6296.330695084333,2685.668557689758,31450628.98828641
2022-04-07,9410.191264768873,167751.3145426968,3456.2018177602536,2259.015871120307,7483.874376090069,31640989.586158846
2022-04-08,22588.08072714663,362767.5138799718,26541.20980061138,1692.5675365975676,23410.52480095951,32077989.482904132
2022-04-09,10445.280354554794,235178.1278454287,3468.421304543588,2355.66485188154,12.780701978772413,32329449.75796252
2022-04-10,14695.404896420812,339718.2369322692,11690.800842384426,1378.2860398443042,2409.4518204055494,32699341.938493844
2022-04-11,22732.00796626983,349144.64804740023,6422.059026601039,13472.057494483479,134828.77030358498,33225941.481332183
2022-04-12,13128.635888741126,285875.0041143032,10258.400952053893,4810.069668070897,755.9735051105963,33540769.565460462
2022-04-13,8648.936084896313,237167.209661824,12102.99284053107,3423.824848431012,46.3009852723917,33802158.829881415
2022-04-14,12490.711783652234,231381.79801267266,8209.269344825447,2585.215413327993,424.3648239999311,34057250.189259894
2022-04-15,5839.2972040224895,90878.71478468414,4322.13926224054,11431.890071940383,36.46195395705581,34169758.69253674
2022-04-16,2263.3524267749362,102508.24561842675,6325.632934001723,2025.5291574109197,0,34282881.45267335
2022-04-17,5090.83346699864,52166.319261801844,8374.178902375666,2184.711397766569,16.697149079271185,34350714.19285137
2022-04-18,10924.092044869618,213245.36341013652,5457.912109048559,2572.03317700051,3639.4545602457656,34586553.04815267
2022-04-19,8942.018088009274,62532.34260587679,9652.71636548724,3252.7965348687876,5.063151160364214,34670937.984898075
2022-04-20,7574.543673155668,36794.83743436379,7972.581733878182,11650.151376661257,512.024198552579,34735442.123314686
2022-04-21,11097.801875616497,143014.41468029266,4441.982042278625,6104.2880952615,127.43075968881021,34900228.040767826
2022-04-22,7947.678496667696,37053.21786926805,2389.306776623271,4775.840514168655,407.87405000078434,34952801.958474554
2022-04-23,5944.991666211421,42106.02606600668,10161.08046144559,2571.139203916727,116.73210051631031,35013701.92797265
2022-04-24,3372.682855301673,29816.76068376986,4438.320193354555,3562.995982418168,155.69907809921642,35055048.38676559
2022-04-25,14944.279769432937,192400.60449994367,6726.640566551181,6493.690854145552,1412.8733623134904,35277026.47581798
2022-04-26,7607.661434193978,98294.75964802859,6311.2093292248865,7179.884553018634,686.24914960553,35397106.23993205
2022-04-27,6895.344380324318,96981.95909058364,3051.147096446333,2931.637149339528,2.479318795609288,35506968.80696754
2022-04-28,6868.307482759022,92613.12873247608,892.6164420257554,1487.8509211821975,97.25200435088482,35608927.962550335
2022-04-29,3839.994358953162,64093.58968110478,3226.7067505471528,11739.802599609478,246.59208648213098,35692074.64802703
2022-04-30,8007.958583189666,94935.44804489528,2284.302764493381,3468.4292527889056,10913.743324422845,35811684.52999682
2022-05-01,12362.255863347898,136575.66172342488,6579.140786042579,4553.081416312262,708.0914373363194,35972462.76122329
2022-05-02,13060.732664375315,164378.99375710188,2703.482979718993,2088.568992172842,102.92114117913297,36154797.46075784
2022-05-03,7803.50281118421,67372.44696983698,1331.0903392997002,1160.7242100472163,1.2589444148907205,36232466.484032616
2022-05-04,10509.972702878928,134518.28888158608,6660.247306841527,5030.884799618056,331.55288016985287,36389517.43060371
2022-05-05,21030.227167471465,332120.40617417,1056.016106037755,12249.188252394304,10343.09734254703,36766316.36564633
2022-05-06,6146.373514054552,64631.20422654431,2595.003692280972,483.73480055561004,866.691222113921,36841039.37310188
2022-05-07,8999.22430844603,102914.58424938424,1504.4265976983659,2840.105710208911,687.7715027932427,36957985.485470414
2022-05-08,17403.75965246527,248890.5126741432,1665.9805603144318,7473.669467848547,4368.801556125662,37237788.20938131
2022-05-09,47488.83661621386,403327.9693265345,2739.5101212447285,14292.695448885157,10960.27375970519,37716597.494653895
2022-05-10,52383.625889297,364751.2540154903,5286.684204760708,9277.190533947049,2650.9532659875113,38150947.202563375
2022-05-11,91154.1544838023,592681.2909711878,14808.655309746666,18503.47088068937,23951.77918239066,38892046.55339119
2022-05-12,106863.35809884523,476406.9554480566,6749.260140776346,25879.5281713272,32906.48190582887,39540852.137156025
2022-05-13,20654.855504124353,79765.72053001661,4574.943517400153,3393.511486289259,680.0609508124762,39649921.22914467
2022-05-14,7085.933314342128,49272.92499199076,2640.9556085127556,2686.333846528677,693.4728816196512,39712300.84978767
2022-05-15,8018.277377551696,55292.53962783652,3897.6736503682287,249.4480440744232,197.22018454344652,39779956.00867204
2022-05-16,14788.13646509828,167692.25832435783,3194.4444843215406,1618.4139261625671,398.199151431123,39967647.46102341
2022-05-17,11116.131944464001,99809.37108896166,3172.9192758315885,283.14553938647117,1713.9405429713952,40083742.96941503
2022-05-18,14614.46620136745,133463.0671294905,3819.865237782226,3511.7736150595683,8645.301446769328,40247797.4430455
2022-05-19,19827.334608660934,154445.68421498215,3968.0138967194853,767.8539713915999,1323.1960445333098,40428129.52578179
2022-05-20,15167.94033417031,105125.15596525221,12987.761529434609,334.38572787079164,125.05467903381214,40561869.82401755
2022-05-21,2191.658988629438,32269.320843750844,2300.2442738348686,1302.0862857063075,5.364221096111578,40599938.49863056
2022-05-22,8973.793276309898,82351.00161540066,772.0005439409725,1395.9805666244063,57.75948058512586,40693489.03411342
2022-05-23,20622.538997763855,125569.6460344538,3281.68728314899,730.9688529164075,315.3434275137697,40844009.218709216
2022-05-24,6597.539097286656,115163.94766631867,3715.4500027925737,3033.433577284851,412.7639437308535,40972932.35299663
2022-05-25,12511.274728345534,113550.01262082503,9406.459856392088,865.4651946868012,1512.257262416868,41110777.8226593
2022-05-26,17274.19915829786,371649.01480984763,5086.00227583579,4300.9180997116,4159.693984121899,41513247.65098711
2022-05-27,12170.811786613594,242179.08416136872,3941.7849037375327,2090.1604008376466,1205.5181690962345,41774835.01040877
2022-05-28,5766.712992501233,34428.38588565736,395.18064419249566,293.0012642040757,498.4211945215575,41816216.71238984
2022-05-29,8176.729310903857,124371.40449462074,515.3262815522464,453.78387526986984,225.77760897541884,41949959.733961165
2022-05-30,20998.67542121047,259839.5319925508,2433.51239072225,2127.185597976065,16617.88615352477,42251976.52551715
2022-05-31,12892.172567207293,59463.04849407402,2693.5587163400114,542.2694313780331,589.8705556457935,42328157.445281796
2022-06-01,19476.62877194399,81344.40632634472,3983.358079693049,17900.31193314382,411.6135409450362,42451273.76393387
2022-06-02,4745.940286537324,24113.891956632877,832.6554468057168,1362.2235204114243,160.4611035082562,42482488.936247766
2022-06-03,8379.238931831891,75763.87437863495,1144.4112433159862,1184.8702235745598,463.5598912609712,42569424.890916385
2022-06-04,3719.143824632985,17978.210805949973,450.09235389154213,1065.6034200532308,20.946919538797374,42592658.88824045
2022-06-05,3774.1101061531867,25922.772581514128,555.6522696519272,105.02423539246492,99.51555691516114,42623115.962990075
2022-06-06,6523.4827679256205,39276.71289261147,1938.0097265164554,466.3515153041868,116.58374001800985,42671437.10363245
2022-06-07,14549.974986118612,98253.24172151665,1827.0315815052973,1603.0680358664329,850.2182431367546,42788520.638200596
2022-06-08,7919.674991944696,38447.20931862631,901.7580074354294,6251.450902313772,102.07318714142457,42842142.804608054
2022-06-09,9311.946868283905,28798.468970603633,365.9041553256517,1488.6710301672974,167.8133684942186,42882275.60900093
2022-06-10,12024.97209564839,117102.87443302959,419.36467801895293,4644.600510634295,4094.7097654376994,43020562.130483694
2022-06-11,21931.559483161695,446870.394302111,397.3558870755087,39715.73897578232,29221.96943727549,43558699.1485691
2022-06-12,19712.459367346542,203378.03133852308,1584.5297444095288,22136.222452105263,8170.202846123371,43813680.59431761
2022-06-13,47351.64535759924,368196.60352241615,2649.197880662247,33184.74598768706,23696.49796607747,44288759.28503205
2022-06-14,27346.806468362676,157923.8192849604,242.72244922584122,8666.782603284732,6853.932632714132,44489793.3484706
2022-06-15,44165.78180555219,217018.31753134314,1793.1041249144926,8614.457215892253,5573.664526188251,44766958.67367449
2022-06-16,14072.352558119474,114803.30018219697,387.9778684397291,3140.043587652943,1834.5632655116933,44901196.9111364
2022-06-17,12114.148393914918,59691.25130651157,1348.1273514889228,1800.6248858136564,844.0163665251239,44976995.07944066
2022-06-18,17389.92073101553,146472.681400177,936.9184718641014,7081.2632206639755,57148.8190436789,45206024.68230806
2022-06-19,19070.501119339515,82249.8774011289,1102.0119711714533,1738.125077966915,2617.3960874221084,45312802.59396509
2022-06-20,18270.43398545407,82807.12038822984,1655.3811339250358,3613.706633428462,1041.0929119875073,45420190.329018116
2022-06-21,18003.440540030566,66285.59651360102,960.5256111611742,1700.9822011839533,243.2138129636587,45507384.08769706
2022-06-22,13619.283590005522,48299.842597271636,1032.633714145674,6612.280479844788,92.17099826705817,45577040.299076594
2022-06-23,11248.109818743904,47951.06818579821,266.22670082932717,1992.3890330867482,495.8357909330298,45638993.92860599
2022-06-24,12533.360383927551,63033.22583754309,397.61393029411636,456.8371842881472,1091.1472352855271,45716506.11317733
2022-06-25,8132.685600714388,37303.79784301206,1398.0430012663483,5389.711965220017,1001.5076193514396,45769731.85920689
2022-06-26,6838.646459592374,45675.401568449495,554.2240360209938,325.1053057816321,2419.851102274879,45825545.08767901
2022-06-27,5347.269830887494,46128.418034732895,1436.86184094282,491.0982186610237,134.5469634167821,45879083.28256766
2022-06-28,12025.593146272864,113025.79017879591,1286.7103347060076,881.8722672816866,239.58454109002196,46006542.833035804
2022-06-29,15753.245643508551,71642.09788542983,1910.8301249430654,6468.978139552235,2773.006021077468,46105090.990850314
2022-06-30,15329.745345142912,163140.80939987116,340.55485029665164,1405.16616246586,12586.736805957305,46297894.00341405
2022-07-01,9814.616214835194,106445.24404154514,179.60231726681997,3523.495622491158,1281.641295389447,46419138.60290558
2022-07-02,3293.8911549562044,38927.982474694116,154.061695433917,376.76537192931767,31.441004991313093,46461922.74460758
2022-07-03,3322.4967645037054,35337.78527120419,177.88739149685435,307.1054697435399,171.63712857020437,46501239.6566331
2022-07-04,13270.995614741869,101426.67664809419,205.0317121338331,532.0852095292041,1093.7495127674047,46617768.19533037
2022-07-05,12558.88026145025,83779.9877226254,487.8675446867257,596.0288247025829,660.5281294306915,46715851.487813264
2022-07-06,9805.101852062877,70610.55739793065,142.13060828468113,581.8039871800839,982.2967878198106,46797973.37844654
2022-07-07,12378.84907435288,85548.0140903311,1249.0997024478995,874.9957898320682,3510.7158830070402,46901535.05298651
2022-07-08,10929.440174634054,82989.39466071804,682.1094529270802,660.7821951987669,1728.3484241941478,46998525.127894185
2022-07-09,8443.976713243332,40442.6261394426,546.5627810515479,475.4302547801133,4890.754450928784,47053324.478233635
2022-07-10,11672.513779728766,104340.5623387811,233.85697728860973,300.31155595862145,10363.365312241425,47180235.08819763
2022-07-11,22481.711570008636,148576.3630846881,214.1142381523062,782.8785041003388,4722.997643344832,47357013.15323793
2022-07-12,9269.826007364827,86538.51851520366,139.54886929264677,1108.9419314544032,389.86672507136245,47454459.855286315
2022-07-13,26039.860521919687,98998.69568884111,2175.898960997402,4235.32801565598,1165.1310272819392,47587074.76950101
2022-07-14,20784.158677901087,102587.1862878467,1163.2054411592767,628.6233316618923,1430.1842963858508,47713668.12753596
2022-07-15,21271.833577078036,86887.60475278019,470.4649276472686,2079.8991556328674,948.2420888317283,47825326.17203793
2022-07-16,11555.385309776357,84354.62003225696,2906.6752364042227,511.7381032877175,4544.45973473342,47929199.050454386
2022-07-17,16260.661017583647,81360.02775587098,1141.8854646147386,1011.7876342694418,231.51109008674393,48029204.92341681
2022-07-18,44499.09650314397,267658.4197927522,4414.45881102869,564.471778611268,6071.603587163263,48352412.97388951
2022-07-19,29560.731980559405,217367.67413345925,1820.51224493895,2961.564758043293,3779.19196672854,48607902.648973234
2022-07-20,26023.68608525049,225092.04415443022,3714.4787145320724,43760.60589341349,15165.574097792152,48921659.03791865
2022-07-21,19796.59911254133,122289.37429243546,4277.254625712086,19556.836548480158,272.28347202141595,49087851.38596984
2022-07-22,14349.41689456682,115663.16234510078,684.8821228015568,689.166486832319,217.2544342201727,49219455.26825336
2022-07-23,11338.275609037659,88500.1244996193,659.1741936820085,2244.5267424935164,638.7217248103698,49322836.091023006
2022-07-24,24004.315431771047,76578.76279097443,1141.3233464640139,1103.6320582982453,876.1771608737181,49426540.30181139
2022-07-25,15629.01202260544,99070.54479355726,4027.0223062730392,4555.7740076407445,743.0870721333922,49550565.742013596
2022-07-26,16573.44855991383,145438.17854520422,4319.690852097098,4680.581185424153,409.0583316703851,49721986.6994879
2022-07-27,30408.35468332151,109175.60090822261,2042.5030389003616,1897.9739388705984,1061.3064468817756,49866572.4385041
2022-07-28,25571.572982484577,257373.82003555133,4695.740468383311,13807.373460687131,2108.3544511876244,50170129.299902394
2022-07-29,24188.897236335994,770647.8275431194,5527.654875619266,3214.9812667054953,641.5720687469002,50974350.23289292
2022-07-30,13382.650163717708,155126.37492255622,1903.6862381083977,1268.5220721665382,1267.58864342983,51147299.0549329
2022-07-31,10101.522894657839,53716.741945769565,3529.086011186678,478.23607224805784,1006.0900367542854,51216130.73189352
2022-08-01,22802.57530774125,138800.26713032275,9750.185397856687,3224.6503747827596,555.5947602282104,51391264.00486445
2022-08-02,33995.751915193636,108203.9874077287,9442.267899744706,1858.213675578807,486.4002479897317,51545250.62601068
2022-08-03,19657.504877312807,96201.22868634804,12928.5327745004,4972.77877996379,564.9088011497515,51679575.579929955
2022-08-04,13698.828379212318,80725.66612891112,9702.07201143238,701.7568528884503,304.2094192295772,51784708.11272163
2022-08-05,24755.92894348062,110935.97305828713,9628.791397707868,2674.3160799297734,342.3712373194576,51933045.493438356
2022-08-06,9020.769096590167,67296.06885548198,5985.281256041978,4008.3986658706613,45.905152888735756,52019401.91646523
2022-08-07,14712.766967787835,70453.59202304907,2008.7452055225813,258.4620710755733,68.58791921311058,52106904.07065188
2022-08-08,23684.97211175384,98710.83222670101,8429.498999790037,17318.993601429844,301.45123918716854,52255349.81883074
2022-08-09,20577.82394644381,118610.32199352226,5875.73240599501,2839.0210308628352,563.8536895987054,52403816.571897164
2022-08-10,53349.17786781472,180354.2767962154,5437.018914649707,5294.18021021113,1050.207684279565,52649301.43337034
2022-08-11,54576.428656582466,264314.88435908646,6371.059299536944,14129.567404590509,578.3281824712176,52989271.70127261
2022-08-12,21348.923843408826,141422.83940799723,2337.9058702557563,2809.410350031677,561.5542174006696,53157752.3349617
2022-08-13,26688.154501289635,191912.74156048073,1550.7693157363146,19441.091239339003,4032.964825632982,53401378.05640417
2022-08-14,16535.157428111583,199817.2529694159,2528.8382458835486,11309.922966078346,466.8184807130601,53632036.04649437
2022-08-15,31164.897438081356,300389.7194737107,1490.0823247073888,5769.638608398284,9533.797530403885,53980384.18186967
2022-08-16,29220.971204795598,158994.01402299516,1466.6489279815435,1753.903725568667,2938.8412577382405,54174758.56100875
2022-08-17,29562.569545689417,262635.2293462488,2990.331917575579,12585.313496855491,2153.0772767734015,54484685.08259189
2022-08-18,11750.560422287868,105934.04424793676,4644.551081757394,651.3746543742736,1982.400831356441,54609648.013829604
2022-08-19,43559.40937867418,318683.11333404586,22579.579260131486,15708.609301578179,13840.451538654568,55024019.176642686
2022-08-20,23795.566012059895,210609.11051017407,5270.886599683232,11175.366396152904,2946.4031560050207,55277816.509316765
2022-08-21,18070.297807895695,262520.31206251244,1616.1790712275154,1699.0947743967788,2172.865052483394,55563895.25808528
2022-08-22,28287.38906082471,375386.568894729,4220.837632075377,2153.0935335217096,1146.0295017597964,55975089.17670819
2022-08-23,48435.30460181369,300961.1225030997,5553.830976341274,3041.3555622518456,1406.262278878421,56334487.05263057
2022-08-24,33276.896427448184,313323.0754843937,6399.492279324423,1248.718473380918,476.24773878621636,56689211.48303391
2022-08-25,22793.387006279525,277726.0420389151,7419.636172347341,887.4367147226664,1358.232813948125,56999396.21778012
2022-08-26,52178.05320608096,553872.5140946625,13618.256626247457,2772.6485440075903,8473.246335112839,57630310.93658623
2022-08-27,23677.181198441504,300622.1990843418,3947.5943646880733,2575.495793276923,848.31785081001,57961981.72487779
2022-08-28,21393.37466396881,135917.09777883367,6604.5646871063955,3137.068935781039,852.2661921772233,58129886.097135656
2022-08-29,19452.877252455488,184887.86382927775,4620.914223794981,579.5891010742727,2146.054947096971,58341573.39648935
2022-08-30,23323.957044460123,251982.00019420314,11924.742904259316,2545.249731178953,2668.8378039730305,58634018.18416743
2022-08-31,30662.75100875962,183513.8249033596,4632.091045250109,1713.1883212730363,2553.257257603924,58857093.296703674
2022-09-01,20337.03990448763,155044.77660528195,4724.411864598756,556.0157281536866,420.30630829854636,59038175.847114496
2022-09-02,24575.17530509187,232555.0351595445,12839.11127209699,1798.0506380471084,5714.303058841528,59315657.52254812
2022-09-03,7192.065564252275,70618.85865156753,4752.499036339551,1783.882705556151,169.67201368766837,59400174.50051952
2022-09-04,5814.586045682842,96922.49960129535,11081.14294619129,1748.5999188019123,317.71199157394585,59516059.04102307
2022-09-05,62022.4842007596,234730.26538032969,8902.193334997657,5610.594263688913,673.3934430116205,59827997.971645854
2022-09-06,122082.32924106611,713402.5674462261,7513.266403669972,5046.804728121965,2145.019142533536,60678187.95860747
2022-09-07,119751.59084167403,443841.3159719348,4568.55911908115,59775.31570445988,3979.706135759654,61310104.446380384
2022-09-08,18051.74982222374,327700.3265066465,5348.981699939616,603.1737286991892,199.6575190864969,61662008.33565698
2022-09-09,58097.511538343504,268351.7437040035,11746.599609036848,2599.1512193575195,2634.8887464485015,62005438.23047417
2022-09-10,25776.278601867347,263042.15578968514,6180.664897368056,1468.6035905774825,4765.106157725095,62306671.03951139
2022-09-11,18604.504285041272,146752.02816033486,4679.094101685203,8089.6400167817665,1618.779974395322,62486415.08604963
2022-09-12,37450.317335587184,430994.18296272197,10159.221062530394,9718.615112898873,9635.674008265836,62984373.09653164
2022-09-13,92425.32474625146,935202.6754665441,1494.7122678019252,11918.184339496436,11837.032768298406,64037251.02612003
2022-09-14,37750.249696668616,489759.08310637355,13517.61320177317,29674.55450415923,750.4123003671994,64608702.93892937
2022-09-15,77706.79199117782,857165.288514009,21190.201234599714,11435.418708756328,39592.175979461055,65615792.81535737
2022-09-16,20782.169628861844,243651.5486668786,62828.35849121807,2771.6018550021595,12387.052199086495,65958213.54619842
2022-09-17,17845.85306600977,221591.4541831275,11335.09013541681,435.9463527876313,355.3251812570088,66209777.21511702
2022-09-18,31833.18452414969,407595.9764887536,13271.278430027844,34975.81583843167,102348.90774130891,66799802.3781397
2022-09-19,38947.17159424195,374170.78032892593,13427.207287679768,6494.010872399694,60534.37728309166,67293375.92550604
2022-09-20,19058.004937317015,294541.123817227,8778.828512701737,4021.5182583361,662.1504918636638,67620437.55152349
2022-09-21,81342.88271348886,387106.2969158891,21444.249217073582,12002.513032529307,15133.68422667333,68137467.17762914
2022-09-22,22022.586548911993,398670.7192932942,28355.290555497333,4307.553501789712,1357.7865441331523,68592181.11407277
2022-09-23,24189.904995875426,283674.40717658406,21316.974828995568,4453.930497575721,128.7171236477443,68925945.04869545
2022-09-24,8750.52308763961,112657.8966481071,4442.4417299008,3777.667670273844,1527.0965690243756,69057100.67440039
2022-09-25,9267.598415598168,174501.34667084162,28081.941488662367,6797.771141012153,254.566361228819,69276003.89847773
2022-09-26,14442.032185505694,242341.75290841708,4617.945379345133,11720.775588990862,158.64392609981587,69549285.04846609
2022-09-27,36648.31889613704,396271.17121395713,7290.8611716053865,3827.0692501008257,928.8209056653432,69994251.28990355
2022-09-28,48888.714166435806,311857.51763479563,4762.023719809945,6691.559984447817,1606.9762063014787,70368058.08161534
2022-09-29,17553.302355444575,195601.36271709,4804.951389360105,7105.152116156095,1042.7167867246317,70594165.56698012
2022-09-30,51945.30302983922,322249.53874321317,7364.61396463799,2755.6562494153154,264.7697995370254,70978745.44876677
2022-10-01,4973.045917461824,56882.99573412252,2122.6655075995654,6603.155468844844,38.77773469733802,71049366.0891295
2022-10-02,8260.264129584002,101270.0603584097,3250.621619711136,2599.8735023207205,471.7794254998298,71165218.68816502
2022-10-03,16959.340435971815,165660.79897221288,6442.456715213873,2449.4124143203326,74.07977770964499,71356804.77648045
2022-10-04,23707.692310227525,196064.33373064938,7004.6024759474385,3534.737462585553,511.1623149838997,71587627.30477485
2022-10-05,38045.26875626539,203701.1412045839,8939.143116136831,3046.315290312525,422.8209442057705,71841781.99408635
2022-10-06,23538.35285576382,221831.33935206156,2371.7721914271247,3844.754256400077,262.5026085935533,72093630.7153506
2022-10-07,36240.86133769885,247516.62902574113,2808.075690107782,7373.053354980156,1247.5240617816453,72388816.8588209
2022-10-08,6839.364094430585,118269.18154347037,1353.1906778498358,3159.162641431068,624.3057661994826,72519062.06354429
2022-10-09,3202.925440077632,51517.77054570169,1156.4091248519253,4683.545255871033,53.0500703789221,72579675.76398116
2022-10-10,11613.668658514518,146084.78393018473,10141.417131306844,15053.17722752581,118009.44669887656,72880578.25762758
2022-10-11,10383.187763701813,370236.0561767572,5336.5165013664355,6170.1001298317715,8647.391941761947,73281351.510141
2022-10-12,14349.313933859798,138675.19043937494,2398.5026208346994,2600.794480243612,5281.836160073464,73444657.14777538
2022-10-13,27803.191781693542,303354.2167346344,16627.436435453015,3479.4503994013694,28121.125454806024,73824042.56858137
2022-10-14,13526.598512131763,194058.15835499458,6289.2797461331775,1903.9860971346477,317.9101824199897,74040138.50147419
2022-10-15,6245.455939575457,46069.99026959646,1486.9057645102582,734.695369460473,215.37955432246235,74094890.92837165
2022-10-16,3004.4043737900506,58683.92448012596,1803.3031877642672,1853.737979874411,961.0577295855473,74161197.35612279
2022-10-17,10601.95602310699,155488.43865838935,4271.73829356005,2519.3452352845034,127.66476988617796,74334206.49910302
2022-10-18,14385.937496987184,282857.25189982355,2710.793372264566,4833.108686923516,168.53553012170596,74639162.12608914
2022-10-19,8233.914315416816,64170.90619131827,2203.8773485044685,3267.20729622464,79.83518745224137,74717117.86642806
2022-10-20,10810.021227258028,132167.97977876195,793.5844663822098,10185.010539195158,1202.881233781809,74872277.34367344
2022-10-21,10552.857798559977,192150.78165665898,1090.8291658134765,13367.395958022096,704.3389754627715,75090143.54722795
2022-10-22,2443.8825365505277,62352.10082823146,1949.0693456972047,1651.0716831889517,47.38828927426948,75158587.0599109
2022-10-23,10564.760751087637,262985.6239510406,993.9000296747165,6994.310252853786,8329.97883901972,75448455.63373457
2022-10-24,14331.897131125914,225107.22137463634,6886.43518763233,7072.629582079598,63.70397073068307,75701917.52098078
2022-10-25,46655.776388826496,488327.4065280575,7122.081142650643,3466.4008921056575,41055.51231196633,76288544.69824438
2022-10-26,35614.80384315057,458598.47578410764,2250.021417313429,13398.04241447028,5987.985194827954,76804394.02689825
2022-10-27,37573.68788780453,392685.0461973143,10461.906455701986,4164.973586942084,10172.937988732709,77259452.57901475
2022-10-28,31555.420436256245,292056.4181004362,5685.869366095961,4597.787767818312,1195.5187054948183,77594543.59339085
2022-10-29,21199.938744905867,243708.33475765836,2419.626077798654,1357.6566324250596,10846.021838773711,77874075.17144242
2022-10-30,11194.288389358553,203616.4411193116,736.138885739829,2599.6025855014886,335.5442083256203,78092557.18663065
2022-10-31,14256.211820528084,187503.70022826723,5673.374043369176,1168.5114982896216,674.4950435969222,78301833.4792647
2022-11-01,8531.3850930243,89784.74896722949,5001.915000588124,1511.8550620219821,933.609738066516,78407596.99312563
2022-11-02,33886.052371659505,241899.1856381433,10945.763236171268,2893.147732488548,1594.832898232009,78698815.97500233
2022-11-03,12820.233495239285,116065.76846877146,13518.566168034971,1027.2630980278184,376.4991429570655,78842624.30537537
2022-11-04,23075.5815018192,303791.19185141457,13394.765360315872,5069.505440741647,4431.487119394238,79192386.83664906
2022-11-05,11229.851715534021,162317.91667583262,6487.904857318277,1574.4436576810133,2607.487219033268,79376604.44077446
2022-11-06,8243.349764298659,153615.57908907617,8520.679340609211,6529.959104510965,548.5785798920842,79554062.58665285
2022-11-07,36824.262455652104,485141.1198692442,5297.85062279097,4514.490258580199,1191.3960376771283,80087031.7058968
2022-11-08,214169.3427800281,1144600.3665170379,15905.209806370503,44844.89014471179,22636.912229801994,81529188.42737475
2022-11-09,175692.3308445944,852189.6612410515,11773.991656858541,59111.093919359766,35484.3915396611,82663439.89657627
2022-11-10,110890.71832168668,1235139.7338505117,16552.877449562726,17592.30478182211,21171.71439618687,84064787.24537604
2022-11-11,64282.75912824805,852391.266884139,20286.466708185366,11736.902127279165,21276.184198017232,85034760.8244219
2022-11-12,51935.197093444374,416595.0616113309,6562.726634710443,10526.011667793862,3188.7684856294654,85523568.58991481
2022-11-13,39220.72257673899,307026.17964566697,16188.358681878224,1203.0070403290151,5266.804037956346,85892473.66189738
2022-11-14,99081.47628614306,814929.4922157995,13877.490790573578,10650.342819456966,14556.260519347037,86845568.7245287
2022-11-15,26387.63274990437,297681.57864710403,9563.907735125533,8875.812682404048,4526.31066898338,87192603.96701223
2022-11-16,32351.08778002122,287241.925523338,33944.48737513541,2476.7379914539406,639.4295171106351,87549257.63519928
2022-11-17,18168.5065084553,210105.09179797617,24308.237021985784,2200.6624417912158,621.7341127320251,87804661.86708222
2022-11-18,19817.718112342845,138067.75801918135,20352.08298594245,2333.1154874768054,766.9137532862078,87985999.45544045
2022-11-19,7560.258760816386,108039.50276647726,8432.52715909707,1001.3641673131117,2546.3773107026354,88113579.48560485
2022-11-20,23553.872278306568,327072.3489217097,4775.785095463695,3224.4759679025105,5018.698571138841,88477224.66643937
2022-11-21,54238.503779225066,1060040.2764590872,15074.41232249412,7424.91342199719,5104.703307892429,89619107.47573006
2022-11-22,27298.4426268536,504493.50959582254,21077.5619058916,82368.0184232102,31515.211543830228,90285860.21982567
2022-11-23,35739.53876264484,419343.6121692793,7517.325639137614,5466.934887650194,6856.180216031149,90760783.81150042
2022-11-24,15839.49080371724,309516.1105945072,24938.020048540868,6965.063197187132,708.2407865470159,91118750.73693092
2022-11-25,26486.994361133307,212590.30179813775,2948.8132278056714,40563.208955055,3528.1234001898847,91404868.17867324
2022-11-26,15457.816119001793,111182.35549680774,4718.296290766951,40360.31969557711,5390.79803659649,91581977.76431198
2022-11-27,6562.316826322419,85890.27584849713,2129.5082601484814,1631.8391172836177,624.1715103526512,91678815.8758746
2022-11-28,35849.19323783744,942438.0458230337,3618.1910532901784,6948.485875131489,3121.3465844703605,92670791.13844836
2022-11-29,32478.37504729066,515185.2695942865,23671.6377213199,6742.90950190698,2498.1548658316606,93251367.48517899
2022-11-30,70389.36408502073,593403.433799577,7612.932400576885,4234.275911128744,46044.9194799402,93973052.41085523
2022-12-01,12126.00198886022,193875.87048352204,7887.30728140824,1987.6237307050928,1340.1146692056209,94190269.32900894
2022-12-02,9514.758004598352,115323.61107355695,16369.299337557037,2298.712181124838,1324.5303640923812,94335100.23996986
2022-12-03,8608.33393773602,163113.0110225686,9722.917502353052,1397.6701098458022,85678.22301199916,94603620.39555436
2022-12-04,7420.8592451362365,101068.62485987051,3546.9169505640843,632.2391762154424,902.460900505539,94717191.49668665
2022-12-05,18688.9999694033,252767.8035634877,10486.039336165224,4062.475103715391,2739.202712460188,95005936.01737188
2022-12-06,9565.33716048342,102152.88658205587,6080.834775859587,1454.1890598479167,2643.972877742679,95127833.23782787
2022-12-07,18990.920575298795,176131.0788026998,6901.497851703103,3322.77134509582,1487.9266284652695,95334667.43303113
2022-12-08,21454.842793939544,405553.72575895966,4150.130695043605,4828.722761079065,3000.766228255001,95773655.6212684
2022-12-09,9785.635710975062,245035.1274866015,27590.384383761728,19113.883379879342,5574.717752449622,96080755.36998208
2022-12-10,137370.24572676126,60997.57745188987,25244.443924639254,22000.65077554983,29.732170606192085,96326398.02003153
2022-12-11,4360.386319676871,142485.3326388035,5190.628386979052,2177.5941173140086,316.5059973053867,96480928.46749161
2022-12-12,16642.58172352667,145171.5808405693,18362.62691666186,6291.012935266927,833.0333278931794,96668229.30323553
2022-12-13,57251.11366563096,877318.073740035,17357.501302284563,7967.440835424306,16064.928194087115,97644188.36097299
2022-12-14,26789.97729381175,376387.88929074444,9167.968619625737,4197.069863817029,9358.360918184451,98070089.62695917
2022-12-15,16577.57037393486,182792.76492447246,22389.257057655996,10679.168067608633,3970.8367808900366,98306499.22416374
2022-12-16,34827.70897443414,406772.69421538775,19083.377823274943,5532.299189087958,193219.91039730277,98965935.21476322
2022-12-17,5032.853135832924,168530.02760488755,3450.7770972003786,2144.765978449454,1910.5794553483138,99147004.21803494
2022-12-18,8373.59710763766,166539.91170978194,2378.2282776479015,2695.956375491876,1215.3688034445804,99328207.28030895
2022-12-19,6539.057611285129,229107.0399484406,9670.970603628333,46353.9942053103,4021.599266885314,99623899.9419445
2022-12-20,14012.08968863657,222812.1375260372,2090.194768944133,45334.6103494838,2967.1441152902553,99911116.11839288
2022-12-21,14074.26353049488,208164.37452970943,12371.777091592281,12122.978781040247,2922.7778305312386,100160772.29015626
2022-12-22,20379.818211662638,168248.30822595567,5324.663800628971,5201.255237513389,5608.188334890467,100365534.52396691
2022-12-23,9364.975104656927,437875.1266570158,1839.5530526219716,1162.8033522555615,5472.707702430198,100821249.68983589
2022-12-24,2536.9933300907755,38294.96466483486,907.2700194817389,853.4760949215972,332.6854260115215,100864175.07937123
2022-12-25,7015.901510197391,76124.48001794143,1093.5388963726227,1489.8966611544372,7068.184593781174,100956967.08105068
2022-12-26,3598.228385622783,44604.27959479982,776.1326441630962,3416.252178884164,210.3579884900755,101009572.33184265
2022-12-27,6326.807033161003,119267.79626002503,2758.305227651033,3624.0999811453057,6305.367369654923,101147854.70771429
2022-12-28,12236.887385536987,167754.57442812584,4002.2669103963744,13505.628540091442,5456.1831733295985,101350810.24815176
2022-12-29,6303.5480114946695,72542.51591833454,7757.0096918669,5220.323842513522,38.62090316670947,101442672.26651914
2022-12-30,5840.4070154859955,145360.1406110183,1662.7874663805883,4726.667607453528,1339.7927712409,101601602.06199072
2022-12-31,2722.980311899555,47305.591620480394,2181.7785786496584,5596.532042848241,121.48065753994888,101659530.42520215
2023-01-01,4370.178080534974,60300.07224408351,1015.6548348324566,2662.751751935331,1047.2172039128563,101728926.29931745
2023-01-02,3563.987577670923,122037.25855378521,3645.852294340781,7276.831672964902,1514.6472586952586,101866964.8766749
2023-01-03,3862.6682650199914,76009.79586764314,4168.369036159299,8663.507385015886,361.25615352898603,101960030.47338228
2023-01-04,13206.67684698887,280695.7722826832,3958.88024139972,25918.52784702519,37593.03552144946,102321403.36612183
2023-01-05,5852.600343584433,79336.03149553413,5115.019858989916,11735.067878481452,480.44076504137774,102423922.52646346
2023-01-06,5945.929479398713,150889.39398813763,1464.5957429503587,48858.56305086991,11969.609966417513,102643050.61869124
2023-01-07,1436.2022133110293,41139.4124695867,395.9543784615222,1313.7358010531411,21.516976008926576,102687357.44052966
2023-01-08,2430.0449086489407,153274.33460368827,866.8675817708098,10954.332864931941,16868.99819801515,102871752.01868671
2023-01-09,20470.256411866143,1384017.4679121494,3115.626265326458,14753.047333986311,687875.9378276528,104981984.3544377
2023-01-10,23258.69494577221,260809.45910449143,1627.0684558675223,9765.512472989678,5321.922419075418,105282767.01183589
2023-01-11,21283.895160465112,431663.2277695695,10011.47766899895,3372.2596540065747,9125.52505225403,105758223.39714119
2023-01-12,70747.28873693453,719732.2933790338,11757.777260671757,13774.717838966953,26344.7277725467,106600580.20212935
2023-01-13,35703.74816034496,529449.5218600207,10721.828337100113,10954.28693465408,16374.311180944555,107203783.89860241
2023-01-14,48982.00901944709,599595.6938868532,9120.172308698,33970.63441714052,30410.728149489383,107925863.13638404
2023-01-15,9300.329024235501,159292.75779796793,2745.4495039792814,4413.014767271617,979.5287288099353,108102594.2162063
2023-01-16,23728.668574191805,200012.69671035046,4817.06125216608,14770.791843837811,5933.2986585427425,108351856.73324539
2023-01-17,18284.536536310447,176288.63234903946,3228.0222460278524,38542.82322933273,304.2172697095666,108588504.9648758
2023-01-18,39746.89123377082,445568.3280218611,9936.303745406274,12877.528844480252,4955.848723699339,109101589.86544502
2023-01-19,6365.171881362986,161637.08914096325,12315.25876891278,2685.0124282031697,1726.9885973861092,109286319.38626185
2023-01-20,20484.31477628019,300207.6668869432,8276.625360793034,13658.179377638928,11712.83981097414,109640659.01247448
2023-01-21,19690.894450110973,204948.67226563705,6629.619710415118,17749.411875198202,21029.707407999987,109910707.31818384
2023-01-22,7027.846715525963,113520.01807742075,10279.178624351309,5525.473012814445,569.2136884700885,110047629.04830243
2023-01-23,17024.398201516113,198320.8881796155,11133.534599074253,5464.721725477049,1510.2147215089353,110281082.80572961
2023-01-24,31767.09094315888,357588.220517023,10558.182865646437,1669.1049500421313,7940.619403117627,110690606.0244086
2023-01-25,23190.943834151538,323529.3051712376,7230.806310968613,5204.780828686661,3421.9781659499276,111053183.83871959
2023-01-26,9368.321993880198,185816.44909869003,1728.1901863512937,2975.448253109218,920.1474667865259,111253992.39571841
2023-01-27,18719.53438441254,462549.9872361262,7164.870961178729,4597.03968356208,1817.844947783684,111748841.67293148
2023-01-28,6470.366913336649,56532.76085118411,9017.02279388772,3176.6915211436462,1359.3933641029798,111825397.90837513
2023-01-29,35176.75767474014,496011.32505985635,2662.0924203594464,5534.671282976998,5271.626906138263,112370054.3817192
2023-01-30,21195.330742917133,237465.24504414364,5206.793108420993,19866.871981643282,25905.788887214847,112679694.41148354
2023-01-31,15029.236823524367,296994.695774929,4063.9066261130442,7590.369572149915,2978.354286261252,113006350.97456652
2023-02-01,20007.193778933764,323294.13748960523,20778.16226204983,8375.021373131416,40804.50898280187,113419609.99845304
2023-02-02,23979.571125400627,473193.8173271331,17744.12457528235,9075.457090585864,27089.20555190055,113970692.17412333
2023-02-03,11867.88567977922,206642.67676277732,10020.31630908788,7567.585597405068,416.48206864713575,114207207.12054102
2023-02-04,17337.788573954527,222599.5830665433,4223.566043838247,4784.199542392994,413.60305435059126,114456565.8608221
2023-02-05,12849.239694188926,272529.71817889815,14899.313132394134,4132.960824893909,1740.2090816646814,114762717.30173413
2023-02-06,12261.965448638475,199363.3844765429,4399.126212032523,6180.55656762188,3834.6746576188016,114988757.0090966
2023-02-07,20574.112377975605,539014.2705385253,11929.128356310663,3915.5580167741086,1469.9183084699325,115565659.99669465
2023-02-08,18152.53561678272,281211.8034161507,4596.526391159697,11292.080234483736,3220.5478826351464,115884133.49023587
2023-02-09,43738.70460866845,563512.3444230179,4221.665119646774,9006.817016263525,36228.111156229745,116540841.13255969
2023-02-10,35213.25477118037,4020527.558831528,7638.414857924392,7155.306300661413,12666.563446681947,120624042.23076767
2023-02-11,9850.936706633092,179480.76578367778,8698.23226250159,4160.923721164544,5068.1249598685245,120831301.21420151
2023-02-12,8931.96645705948,156047.6236570002,8432.868171960898,5396.763181868566,1246.86355412993,121011357.29922353
2023-02-13,23969.051258099535,392381.6983551351,8018.305623315173,6037.199860996613,17653.71330195712,121459417.26762304
2023-02-14,43215.67461294936,585492.2567892441,10604.209145990953,6800.617805138586,8317.784651014023,122113847.81062737
2023-02-15,45826.06124322731,434460.6976459248,33631.68985101588,5599.186260053638,3787.3590265758103,122637152.80465417
2023-02-16,33806.814020597536,657411.507929269,22578.74089136041,7549.7307474639665,18504.18113810243,123377003.77938096
2023-02-17,22032.988369674804,496265.333107134,23624.716001838904,10564.629418245628,3841.8120214312803,123933333.25829929
2023-02-18,10339.823127963427,188908.25979899286,11066.50706696953,5059.109532818207,4017.7541870811547,124152724.71201311
2023-02-19,9328.703094050628,279251.7067981266,18520.05382886279,7895.627140550703,2206.351257138711,124469927.15413184
2023-02-20,10969.622218834671,365313.2881210332,9711.764726895244,13211.976876650488,5221.782819715387,124874355.58889498
2023-02-21,17187.92402055699,257799.87474283128,43157.46419174428,10371.790672064773,12765.301281880296,125215637.94380406
2023-02-22,63344.574637683676,309475.2709070304,22813.259313850514,4961.616333351309,4819.906688250776,125621052.57168423
2023-02-23,13162.411110395258,515583.46996479516,20603.0142275634,5963.060618964599,4690.631671169598,126181055.15927711
2023-02-24,37562.87735267551,1093525.111225905,3978.010918131585,9947.889199932304,4185.114574600942,127330254.16254836
2023-02-25,19128.905169145568,245521.9230314382,4057.831312411017,2254.1786625847785,3325.056694726489,127604542.05741867
2023-02-26,15152.45179028945,198963.5627160387,3333.142879331188,2495.7486830657776,7359.363976100838,127831846.32746351
2023-02-27,15515.054506385399,258660.3470472911,10061.308942005799,13215.882221312662,4059.085414676112,128133358.00559518
2023-02-28,8818.183997637709,189156.1957019695,3583.0176540733282,2441.5333833747086,747.2273934147379,128338104.16372564
2023-03-01,34813.12491389061,264410.8328414421,8293.71335183483,10450.265750245311,366.17673148814356,128656438.27731454
2023-03-02,6232.391052612845,251718.34393305378,4682.662916267052,3455.4735883300796,670.4515461345145,128923197.60035095
2023-03-03,52865.15222733613,295986.504587108,15106.147397206183,17200.12800858245,10110.877976172604,129314466.41054735
2023-03-04,2542.541360258771,58253.42614122063,3073.2734188655863,1586.5793129799627,697.5900807287471,129380619.8208614
2023-03-05,2685.7269013587575,94273.89802739334,7694.263268052521,4059.6807836624757,494.042976409517,129489827.43281828
2023-03-06,3054.3939205566717,70349.90232168311,4791.914755984776,4320.107083307919,387.07085761443886,129572730.82175742
2023-03-07,13826.394849273262,207925.11967446154,5986.397621827644,7963.129634603442,9473.443248182244,129817905.30678576
2023-03-08,15777.69335471943,270015.35282077926,2138.1586016816236,21408.77063949306,2135.335093431815,130129380.61729586
2023-03-09,32565.29932847764,988112.5372622616,3211.1754998796973,39545.89634493681,50464.31418780703,131243279.83991922
2023-03-10,35475.502900034946,1517978.4389843012,5679.618240402625,33929.68083869377,12158.393496946665,132848501.4743796
2023-03-11,115734.24867089283,340630.5140560473,4486.957002766824,143274.6607314586,1511.0966927545378,133454138.95153353
2023-03-12,66466.96265750477,857054.8144762729,1782.142306008588,12655.535567813584,24742.199284704053,134416840.60582584
2023-03-13,103289.2115959868,578804.9137694071,23106.996756062905,21589.687467802443,27191.097016127314,135170822.51243123
2023-03-14,68154.5507465641,502007.5883881937,9054.377679794698,85638.76229044367,7489.0256506328005,135843166.81718686
2023-03-15,59808.07533177322,375747.65254714526,19393.79939958885,2852.2433369004293,1001.8060159108136,136301970.39381817
2023-03-16,31904.33562390054,237102.2528051475,7593.393283127573,3076.073744056007,177.0826337945182,136581823.53190818
2023-03-17,53131.0026377169,565389.583982651,6415.628823312445,2017.6701378878665,5320.958254751982,137214098.3757445
2023-03-18,31486.271495509267,305671.4593368482,3694.474188049401,2118.771353990772,4792.780088613275,137561862.1322075
2023-03-19,21216.200724859755,240724.79122641688,12869.147077978621,4004.8024159113847,1203.7934724428342,137841880.86712512
2023-03-20,29700.2409200614,248628.04848197073,8924.372990624524,26559.497216151634,2125.685704838397,138157818.71243876
2023-03-21,39192.82685374439,351953.20793349436,8037.224383569849,7302.186608736356,2983.1353473701747,138567287.2935657
2023-03-22,82185.08891726784,438942.59572146,9898.575608201047,5638.326175852687,4810.676722189586,139108762.55671066
2023-03-23,45626.96214452801,292349.9522551999,4477.1786316409125,12334.397843938452,6970.298995982681,139470521.34658194
2023-03-24,55678.348271785544,553379.548490881,23052.163779902883,2864.798537009124,1103.8136307062814,140106600.01929224
2023-03-25,14323.734706756504,346325.76879749243,8237.96698850562,7737.237299507584,3394.9685745540773,140486619.69565904
2023-03-26,47021.4761326789,586187.8874606441,5469.214003986993,15397.988505394585,1189.610005396651,141141885.87176713
2023-03-27,32740.101312965075,510452.98029087874,3131.8066696990927,2357.291768526433,22436.00996719551,141713004.0617764
2023-03-28,29827.451083519387,451962.668582805,8986.17479559753,1549.4751199513355,2176.4720692651463,142207506.30342755
2023-03-29,29568.454874305062,544198.421495752,9116.282634065148,3259.318554021263,3854.8932568822056,142797503.6742426
2023-03-30,36961.9642901982,717667.4128204582,5737.807237727853,7411.660319317601,23032.51021278277,143588315.02912307
2023-03-31,21477.469454300255,404579.92189897405,15059.70225900738,4380.942463740722,18799.40162133111,144052612.46682042
2023-04-01,7619.684946674863,271558.30782041105,2890.9164631790954,660.0948497405028,2070.7812073707464,144337412.2521078
2023-04-02,23914.363917829574,433959.3602313205,1878.5727992082939,914.7678699217782,6239.641366119671,144804318.9582922
2023-04-03,42216.35634022337,547893.2346297544,6206.111749368587,5122.825457237492,5964.445843699505,145411721.93231246
2023-04-04,38596.70819810468,606865.494837835,14145.260875052165,8340.83381338469,8533.87412753806,146088204.10416436
2023-04-05,35588.07372064928,605764.832744932,9202.418824677203,10006.734493522312,9431.9355559221,146758198.09950405
2023-04-06,18053.390515868483,505897.2926761245,4406.021725589358,1238.2232459870504,1512.3148381070932,147289305.34250572
2023-04-07,10950.213839914604,312265.0051018321,2891.239757209354,1071.5455151784686,12570.124234279618,147629053.47095415
2023-04-08,5224.447388707406,208787.52456455593,2537.5448467876627,712.6269271575636,437.08519362530205,147846752.699875
2023-04-09,9291.166552760249,310447.4115829662,4896.072056609018,3796.0861810567617,9795.039092458377,148184978.47534084
2023-04-10,20113.457797773342,601859.7016398798,7495.940975179513,3393.740091943393,5467.004226480494,148823308.3200721
2023-04-11,27849.837257699073,589899.0440778096,6032.177726270882,17628.133015679912,18873.023578068358,149483590.53572765
2023-04-12,24529.24055543918,619034.8533500818,27776.81252309996,2325.366739260817,6530.110116540571,150163786.91901207
2023-04-13,42728.816236305065,562314.5012013967,2904.471602095411,5768.6651528665825,14834.620263960911,150792337.9934687
2023-04-14,87822.87214203147,570185.1982301547,5915.104415475325,13167.892975598781,25678.779532658285,151495107.8407646
2023-04-15,9411.689617400169,147723.12714732756,2347.44355450811,3084.975441206348,6586.582104686357,151664261.65862975
2023-04-16,14688.214751146093,225416.9431179715,3650.2162549898903,6005.31960844834,8298.06241545186,151922320.41477776
2023-04-17,15797.381315016139,287102.1223475636,3617.9420234986897,4951.734390350336,9229.634682683274,152243019.22953686
2023-04-18,12130.441980310547,279412.39271240967,3854.15200225322,5816.580954551349,6395.167880330177,152550627.96506673
2023-04-19,83343.11005478252,1130436.1811953618,6104.3435880988845,4075.938788467196,66666.95604200009,153841254.49473545
2023-04-20,21350.366468771248,805168.511758669,6036.14343260674,5681.784299637495,9476.658266053768,154688967.9589612
2023-04-21,19320.129786536912,417973.64714491443,9618.711875154868,5371.06826715672,25279.607615745685,155166531.1236507
2023-04-22,5117.67729304448,192236.30906694286,8847.12568745534,7295.565356248941,4512.778101528733,155384540.57915592
2023-04-23,4557.30150977285,145961.07414797274,1425.4978106529138,3648.578693990896,6204.426471776882,155546337.45779008
2023-04-24,12635.672226209788,269970.69089102943,9002.02764086597,3101.6404795345484,78060.37421254051,155919107.86324027
2023-04-25,11674.795567258063,344278.69216607674,4595.614294107553,1723.7938558495198,3190.6447275343817,156284571.4038511
2023-04-26,71077.12274695898,624898.4929517988,12418.722401805813,6567.268818693855,22666.844019368407,157022199.8547897
2023-04-27,41853.485591032,1589034.4410222927,36200.52350409295,9544.261127309077,11145.139880925883,158709977.70591536
2023-04-28,8249.477885009162,167557.6487274041,5693.350853723692,2230.200208961447,9712.412341280084,158903420.79593173
2023-04-29,2900.446946500111,73648.1725254398,1955.6431205573774,554.0734794372224,494.5252785415505,158982973.6572822
2023-04-30,7171.164329541716,243162.00924808352,3214.2241709632135,4846.82378555086,1402.2672000237217,159242770.14601636
2023-05-01,25840.76338214592,296141.55723819893,3972.848761764661,3464.698854684404,4612.461948839831,159576802.47620198
2023-05-02,4548.688008327836,130514.48057317699,3330.9113865050726,1674.9119530000207,2782.91908093603,159719654.38720393
2023-05-03,29774.059020590954,398245.47014900076,5607.481354564162,2186.1451750358847,1171.8901428930694,160156639.433046
2023-05-04,4859.699131816528,132543.65506291974,7776.572416322935,1304.663515656631,3563.865344236023,160306687.88851696
2023-05-05,57192.16082757264,360573.0467856207,4257.914040199502,2429.4631769868524,2177.662923488766,160733318.13627082
2023-05-06,73115.39386100882,279887.66104320576,5318.083712843797,2830.589094559788,12080.252053498582,161106550.11603594
2023-05-07,29433.092303052792,142427.93832832048,937.188278638136,2115.345237174764,732.6425127132097,161282196.32269585
2023-05-08,48663.280102503355,337744.81252048846,840.0106415501058,7435.914804982783,13995.825479693653,161690876.16624507
2023-05-09,8871.782477365472,113713.79580301644,1148.4955364252228,1602.834268307047,2738.6169532195927,161818951.6912834
2023-05-10,81820.41097771953,336670.7381063647,1732.8521097856897,10020.02950862061,21874.50887259486,162271070.2308585
2023-05-11,22009.987689525766,335913.03335448395,815.054913167906,2646.1432698488948,23247.060713003564,162655701.51079854
2023-05-12,25240.133984782646,205631.90358473474,2995.103603194725,2862.647926487499,18001.09648948995,162910432.39638722
2023-05-13,4209.934191034547,111776.50199496122,1379.6618408950144,1854.689581472087,937.2743107029237,163030590.45830628
2023-05-14,5659.752665641305,186375.41260295743,2403.6891636510964,1470.7441992141264,3640.3618407174945,163230140.41877848
2023-05-15,8528.120585901926,158848.93151710776,2607.5685508013225,3548.7972806426965,11117.581111587438,163414791.4178245
2023-05-16,7856.454085809354,134816.04172390216,1071.1381982943806,6970.997189469514,316.88286488782614,163565822.93188688
2023-05-17,11715.783892258765,132257.4232025426,10212.078310142044,6533.97027509532,635.5556404957315,163727177.74320742
2023-05-18,15461.689848782458,129941.65974204856,1582.9530783005457,2518.8947201879923,2842.162866079336,163879525.10346282
2023-05-19,3450.228904802208,86441.69642028339,3475.3371543940275,7033.831275358077,721.7051951783214,163980647.90241283
2023-05-20,1349.8225730217412,50799.3131642546,724.1905814620409,1401.6117178076659,2306.549589606453,164037229.390039
2023-05-21,3138.2272615340116,70204.23322689511,801.7652462919519,1653.4978097266128,1285.7801995510963,164114312.893783
2023-05-22,3313.6535625736237,101624.67318934106,1311.6233828694178,2216.8718117559765,5094.6150239944545,164227874.33075354
2023-05-23,7780.500192016783,255944.2650959222,693.9127369234845,2570.6208777917586,1843.2365145483927,164496706.86617073
2023-05-24,19770.707130523224,184539.73011980302,9173.193050147103,21828.671014620733,7653.426575961057,164739672.5940618
2023-05-25,17484.13785192298,197779.7260601427,1243.3776840522262,4533.392190294823,11323.397064111225,164972036.62491232
2023-05-26,3547.3625714627515,101341.85510425613,808.44624222979,7071.397980639534,649.0630833106406,165085454.74989423
2023-05-27,2514.141973532998,38109.36132525666,657.9128211815404,2874.435728311644,636.4694746162786,165130247.07121712
2023-05-28,38589.33871419191,296169.7865873096,454.68479148095116,8278.509798893798,11044.390735353052,165484783.78184435
2023-05-29,8818.175962612417,184503.5974151987,1122.3125857548616,19489.94144815109,604.435637719318,165699322.2448938
2023-05-30,4357.749133983736,86988.75119366364,1033.6521526428298,1714.7511580314165,2592.442519430784,165796009.59105155
2023-05-31,13029.244891196917,173260.11433953154,6366.787278409964,10416.313518734487,5937.323752437835,166005019.37483186
2023-06-01,7769.937410324695,177596.72849693877,1358.1708235436124,4332.808632496475,153.37236130976817,166196230.39255646
2023-06-02,5254.794672324571,133890.30538059137,385.8490256629634,4612.394922151925,725.4056033488887,166341099.14216053
2023-06-03,2523.558652276558,43728.062426286444,2030.170075316251,2427.232242461469,214.27672835281555,166392022.44228524
2023-06-04,1661.4665615712233,62474.610330784984,673.388703365837,645.6391295215341,1473.8032156141635,166458951.3502261
2023-06-05,54436.031368284406,597985.5054728871,955.8372078123136,5704.515493903667,46764.49307962973,167164797.7328486
2023-06-06,21993.04845814813,296580.5309688366,3939.137999280362,18127.926862255932,4985.396888495772,167510423.77402562
2023-06-07,13931.689099054616,153837.22363906616,3784.9958870057585,61405.221611047484,13818.466092104325,167757201.3703539
2023-06-08,7972.728920531993,100809.47079716172,1440.981702672597,430.9063575753121,819.9331850968301,167868675.39131695
2023-06-09,6007.517664861922,107717.34432958683,429.17016582986435,684.035555598551,2554.029278891656,167986067.4883117
2023-06-10,49487.176794215724,393033.6967032038,1456.6698607964183,18892.673130193052,55548.03049633955,168504485.73529646
2023-06-11,8161.430225531146,95824.98030791496,3061.4699421967466,14846.441189352523,1516.1558183135203,168627896.21277976
2023-06-12,4875.628586840209,144977.26089641484,1232.930882165497,2809.3556348461075,17213.332474024355,168799004.72125405
2023-06-13,5788.310697241395,155565.25383347739,3636.1390180002295,4315.517555800892,582.2747143320448,168968892.2170729
2023-06-14,51290.23604855028,243583.70490257585,1532.4669483185908,7963.080768158758,3134550.9729552628,172407812.67869577
2023-06-15,10764.46749159429,202598.2643575464,2717.461280304483,10665.202244338745,6007.689276006335,172640565.76334557
2023-06-16,11029.84318138333,122300.46797154244,2179.297999218728,11974.261999425713,439.5879018546402,172788489.222399
2023-06-17,16575.86859165972,102865.19027362695,4551.460356169062,2515.8380400952765,3139.4065217438038,172918136.9861823
2023-06-18,3540.9098278809383,107984.69085084028,1384.4460299503967,673.806668072532,872.23496732075,173032593.07452637
2023-06-19,15236.652538141032,1702223.8234767125,1450.0004707481812,2821.486528359668,1241.4501085320953,174755566.48764887
2023-06-20,14362.879003300714,421506.97889248043,43449.299500088615,1777.847283206024,3122.4620079622255,175239785.9543359
2023-06-21,43106.048072726175,510331.59510748927,26154.906602742023,7350.821363568115,22550.30983709253,175849279.63531953
2023-06-22,19375.876990034536,303320.7646892346,16653.23857196524,3143.954545501982,3512.202660977142,176195285.67277724
2023-06-23,24175.555668294517,296773.10226312897,11140.576054053448,2302.390888862533,3520.308588930522,176533197.6062405
2023-06-24,9460.673592000034,126487.26409112087,7810.649698302917,877.1495116566093,821.9404345545918,176678655.28356814
2023-06-25,11411.186109539289,196899.1181461403,9261.100966691478,4557.982315827599,226.31230616441462,176901010.9834125
2023-06-26,38709.597673997945,293561.22584420396,5222.2966855430495,2754.183109322597,6420.02588381985,177247678.3126094
2023-06-27,8798.182848194008,202503.95928290611,10335.465709379629,19530.470576072235,3117.6806227857014,177491964.07164875
2023-06-28,29276.78116416991,284745.22962680133,5195.64338379097,9891.88780122905,1355.130478733976,177822428.74410346
2023-06-29,6094.439196650766,131632.01724365813,1283.8999383713021,53463.29978970225,2527.139126781811,178017429.53939864
2023-06-30,41844.34356075438,529882.0381535746,3720.652765787115,2037.323397796636,6374.164321877412,178601288.06159842
2023-07-01,4730.6696199303515,68377.16482987945,5487.216717322788,1130.377912120013,191.35582126138615,178681204.84649894
2023-07-02,37955.253059348564,118445.10155039154,4065.258394709218,1209.6674908534094,3922.674732466723,178846802.8017267
2023-07-03,8214.911002672046,150527.92930472747,6696.596992862116,3061.443535968065,4291.2333701403695,179019594.91593307
2023-07-04,4502.182910979577,72147.9160428252,6654.455419941802,4476.309449229507,4327.315646056624,179111703.0954021
2023-07-05,17659.75566442421,217654.33338172047,1182.3634601234053,2211.1825184562017,4956.973593056784,179355367.70401987
2023-07-06,13502.926043730797,267526.10061405424,1379.9977095056952,2274.115045964468,5670.264860116353,179645721.10829324
2023-07-07,11769.120259777226,83202.76419416645,4462.368617736636,6142.572390856765,1482.9196535632364,179752780.85340935
2023-07-08,2558.447359353899,44125.35809158467,1282.3781028309468,2060.322061583804,349.49223752700345,179803156.85126224
2023-07-09,2747.669712338702,31074.103873758224,1080.6545644990742,571.9750361209705,184.2045775038314,179838815.45902646
2023-07-10,14749.18407752035,209640.58992838737,846.0057269995604,2083.0691744314136,2910.254114537034,180069044.56204835
2023-07-11,9300.803132865896,119691.86446104168,3216.8037460907367,3166.7950421652213,637.4526659969997,180205058.28109652
2023-07-12,10210.893431254577,201317.3906510857,705.4179372452354,2486.639372009864,1413.5623036984762,180421192.1847918
2023-07-13,33615.4030607788,685138.803632711,483.4261839701399,12915.719663733076,6231.404465063941,181159576.94179806
2023-07-14,18980.05317676601,342887.9303105537,525.2606836250902,4384.444741874394,6604.725109014544,181532959.35581988
2023-07-15,1436.269963954779,53364.53089536006,998.7853257526626,1359.3233969541507,3152.066308413443,181593270.3317103
2023-07-16,3522.3162981058404,63679.434408196255,289.5213231546341,1409.2472587147583,1163.8161709332562,181663334.66716942
2023-07-17,8805.507147967752,184387.91279598762,486.7531208461157,3130.8270970274493,14139.752559128945,181874285.41989037
2023-07-18,8825.16298970481,142538.46813963703,532.634793958601,5110.458910727919,895.3795384580153,182032187.52426285
2023-07-19,8419.721195107164,86769.67185354789,1192.2193292614454,2570.6302231001514,1279.5558489359682,182132419.3227128
2023-07-20,8708.469241943207,144750.93322224196,3225.4055129925932,2193.4511249251427,10719.803190279927,182302017.3850052
2023-07-21,4808.717792645633,179937.2601588389,5358.5350414610575,4054.4839640417176,120.66837454724009,182496297.05033675
2023-07-22,35438.51079114279,58228.53468676013,2473.1964803546016,2215.37904753399,9151.88947447922,182603804.56081703
2023-07-23,1784.0321834488607,55677.24126582164,1802.5053579939215,1059.2101015409605,78.6276043434118,182664206.1773302
2023-07-24,15447.005418631914,305790.3720417752,2407.0137096343515,7456.064202880753,27096.317254937603,183022402.94995806
2023-07-25,2412.861510307433,65617.45114860132,2393.0072404818798,1431.8628306012347,2062.2203091301053,183096320.35299718
2023-07-26,6251.090615023254,106709.39242735095,5677.708629717593,2462.0219755866265,379.2037344400014,183217799.7703793
2023-07-27,3588.46203059888,83037.0989231462,1680.4504853645035,988.2485540467395,615.1338887444435,183307709.1642612
2023-07-28,2169.2841649527327,38962.05213118229,5146.801211420135,2009.51399353384,981.3494099916497,183356978.16517228
2023-07-29,1305.8299350850186,13980.361702974184,408.75457551812997,965.6267195842555,167.5666095724937,183373806.304715
2023-07-30,3273.1765196120223,63191.37466882919,1310.4357899469576,7279.790386999734,5033.132125049175,183453894.21420544
2023-07-31,5098.605533973381,107139.87607428255,8145.20463800784,10646.711390058827,24.861229707719758,183584949.4730715
2023-08-01,27580.540426798038,173137.44600025,4772.1145237323235,10087.298452949004,31615.716021465138,183832142.58849669
2023-08-02,7271.473183662451,147638.1396370233,750.8483786729561,7938.582152503382,905.3191834249592,183996646.95103198
2023-08-03,3492.5584014009914,66306.52893093986,1147.0132282689947,4515.4108384462,11304.719425476796,184083413.1818565
2023-08-04,4167.7452773329915,78392.56928579258,3137.1888132242407,17003.937351526514,2436.158638104258,184188550.7812225
2023-08-05,4929.395609998725,16324.599981299803,139.6745276725385,7487.51525080156,3.475259484979688,184217435.44185176
2023-08-06,3322.3816894932597,13034.286024008554,1778.3235567935794,1581.8334193815049,131.20673943266593,184237283.47328088
2023-08-07,4954.156944205832,188735.75464884436,485.3765851915952,6905.295687082235,7049.927431473538,184445413.9845777
2023-08-08,7602.862835878725,106691.14371952746,784.0130655212853,5808.06162707343,61.71402218217554,184566361.77984786
2023-08-09,10002.710484285944,50019.4066435367,108.03641037812932,5294.836172664854,624.4473472143582,184632411.21690595
2023-08-10,3656.9350852486486,36267.52556995632,1195.515631002301,14727.585378899475,84.67967524396227,184688343.4582463
2023-08-11,2356.375441254304,27978.701002307167,5294.0526113559945,11883.97606342159,257.2333922356265,184736113.79675686
2023-08-12,557.376161879898,7190.8132569630925,218.80205903890317,6122.517092936638,4.955904098314022,184750208.26123178
2023-08-13,1960.5256563322082,32282.960810532364,48.730253050336444,5850.503260116429,356.8215959419613,184790707.80280775
2023-08-14,496.3210075923539,2636.290856381874,2.8601105681106214,196.9368774000885,2239.977094540573,184796280.18875423